url,canonical_url,source_domain,title,author,published_date,lead,content_preview,quotes,matched_keywords,links_count,word_count,forecast_positions,depth,crawl_time
url,canonical_url,source_domain,title,author,published_date,lead,content_preview,quotes,matched_keywords,links_count,word_count,forecast_positions,depth,crawl_time,ai_summary,ai_sentiment,ai_topics,ai_entities,ai_keywords
https://www.nba.com,,,"The official site of the NBA for the latest NBA Scores, Stats & News. | NBA.com",,,"var _esi = {
        country: ""US"",
        tz: ""EST"",
        region: ""FL"",
        browser: ""MOZILLA"",
        os: ""WIN"",
        device: ""computer"",
        isMobile: ""false"",
        isDomestic: ""true"",
        ip: ""97.102.238.29""
      }; window.utag_cfg_ovrd = window.utag_cfg_ovrd || {};
            window.utag_cfg_ovrd.noview = true; {""@context"":""https://schema.org"",""@type"":""SportsOrganization"",""name"":""NBA"",""alternateName"":""National Basketball Association"",""url"":""https://www.nba.com"",""description"":""Follow the action on NBA scores, schedules, stats, news, teams, and players. Buy tickets or watch the games anywhere with NBA League Pass."",""logo"":""https://cdn.nba.com/logos/leagues/logo-nba.svg"",""brand"":{""@type"":""Organization"",""name"":""National Basketball Association""},""sport"":""Basketball"",""sameAs"":[""https://www.youtube.com/user/NBA"",""https://twitter.com/nba"",""https://www.facebook.com/NBA"",""https://www.instagram.com/nba/"",""https://www.linkedin.com/company/national-basketball-association/"",""https://www.pinterest.com/NBA/""]} {""@context"":""http://schema.org"",""@type"":""WebPage"",""mainEntityOfPage"":{""@type"":""WebPage"",""@id"":""https://www.nba.com""},""headline"":""NBA.com | The official site of the National Basketball Association"",""url"":""https://www.nba.com""} {""@context"":""https://schema.org"",""@type"":""BreadcrumbList"",""itemListElement"":{""@type"":""ListItem"",""position"":1,""name"":""Home"",""item"":""https://www.nba.com""}} {""props"":{""pageProps"":{""isTentpole"":false,""layout"":{""header"":{""links"":[{""id"":13,""order"":1,""text"":""Games"",""href"":""https://www.nba.com/games"",""type"":""custom"",""icon"":"""",""mobileOrder"":2,""children"":[{""id"":818513,""order"":2,""text"":""Home"",""href"":""https://www.nba.com/games"",""type"":""custom"",""icon"":"""",""mobileOrder"":0},{""id"":740992,""order"":3,""text"":""Tickets"",""href"":""https://nbatickets.nba.com/?cid=nba:tickets:institutional:nbacom:domsites:rd"",""type"":""custom"",""icon"":""ticket"",""mobileOrder"":0}]},{""id"":1792959,""order"":4,""text"":""Schedule"",""href"":""https://www.nba.com/schedule"",""type"":""custom"",""icon"":"""",""mobileOrder"":0,""children"":[{""id"":1792965,""order"":5,""text"":""Key Dates"",""href"":""https://www.nba.com/news/key-dates"",""type"":""custom"",""icon"":"""",""mobileOrder"":0},{""id"":1792960,""order"":6,""text"":""2025-26 Regular Season Schedule"",""href"":""https://www.nba.com/schedule"",""type"":""custom"",""icon"":"""",""mobileOrder"":0},{""id"":1826544,""order"":7,""text"":""National TV Games"",""href"":""https://www.nba.com/schedule?bc=NATL\u0026cal=all\u0026region=1"",""type"":""custom"",""icon"":"""",""mobileOrder"":0},{""id"":1826545,""order"":8,""text"":""Emirates NBA Cup Schedule"",""href"":""https://www.nba.com/nba-cup/2025/schedule"",""type"":""custom"",""icon"":"""",""mobileOrder"":0},{""id"":1792968,""order"":9,""text"":""League Pass Schedule"",""href"":""https://www.nba.com/schedule?bc=LP\u0026cal=all\u0026region=1"",""type"":""custom"",""icon"":"""",""mobileOrder"":0},{""id"":1899189,""order"":10,""text"":""Cosm Schedule"",""href"":""https://www.nba.com/news/2025-26-nba-cosm-schedule"",""type"":""custom"",""icon"":"""",""mobileOrder"":0}]},{""id"":1665708,""order"":11,""text"":""NBA Cup"",""href"":""https://www.nba.com/nba-cup/2025"",""type"":""custom"",""icon"":"""",""mobileOrder"":0,""children"":[{""id"":1874968,""order"":12,""text"":""NBA Cup Home"",""href"":""https://www.nba.com/nba-cup/2025"",""type"":""custom"",""icon"":"""",""mobileOrder"":0},{""id"":1839960,""order"":13,""text"":""Bracket"",""href"":""https://www.nba.com/nba-cup/2025/bracket"",""type"":""custom"",""icon"":"""",""mobileOrder"":0},{""id"":1839959,""order"":14,""text"":""Schedule"",""href"":""https://www.nba.com/nba-cup/2025/schedule"",""type"":""custom"",""icon"":"""",""mobileOrder"":0},{""id"":1874969,""order"":15,""text"":""Standings"",""href"":""https://www.nba.com/nba-cup/2025/standings"",""type"":""custom"",""icon"":"""",""mobileOrder"":0},{""id"":1839961,""order"":16,""text"":""NBA Cup 101"",""href"":""https://www.nba.com/news/nba-cup-101"",""type"":""custom"",""icon"":"""",""mobileOrder"":0},{""id"":1839962,""order"":17,""text"":""FAQ"",""href"":""https://www.nba.com/news/nba-cup-frequently-asked-questions"",""type"":""custom"",""icon"":"""",""mobileOrder"":0},{""id"":1839963,""order"":18,""text"":""Key Dates"",""href"":""https://www.nba.com/news/emirates-nba-cup-key-dates-schedule"",""type"":""custom"",""icon"":"""",""mobileOrder"":0}]},{""id"":15,""order"":19,""text"":""Watch"",""href"":""https://www.nba.com/watch/featured"",""type"":""custom"",""icon"":"""",""mobileOrder"":4,""children"":[{""id"":2743,""order"":20,""text"":""Featured"",""href"":""https://www.nba.com/watch/featured"",""type"":""custom"",""icon"":"""",""mobileOrder"":0},{""id"":2744,""order"":21,""text"":""NBA TV"",""href"":""https://www.nba.com/watch/nba-tv"",""type"":""custom"",""icon"":"""",""mobileOrder"":0}]},{""id"":16,""order"":22,""text"":""News"",""href"":""https://www.nba.com/news"",""type"":""custom"",""icon"":"""",""mobileOrder"":5,""children"":[{""id"":402096,""order"":23,""text"":""Home"",""href"":""https://www.nba.com/news"",""type"":""custom"",""icon"":"""",""mobileOrder"":0},{""id"":759147,""order"":24,""text"":""Top Stories"",""href"":""https://www.nba.com/news/category/top-stories"",""type"":""custom"",""icon"":"""",""mobileOrder"":0},{""id"":509965,""order"":25,""text"":""Features"",""href"":""https://www.nba.com/news"",""type"":""custom"",""icon"":"""",""mobileOrder"":0,""children"":[{""id"":1876991,""order"":26,""text"":""Starting 5 Newsletter"",""href"":""https://www.nba.com/news/category/starting-5-daily-newsletter"",""type"":""custom"",""icon"":"""",""mobileOrder"":0},{""id"":444757,""order"":27,""text"":""Power Rankings"",""href"":""https://www.nba.com/news/category/power-rankings"",""type"":""custom"",""icon"":"""",""mobileOrder"":0},{""id"":638824,""order"":28,""text"":""Trending Topics"",""href"":""https://www.nba.com/news/category/trending-topics"",""type"":""custom"",""icon"":"""",""mobileOrder"":0},{""id"":474558,""order"":29,""text"":""Rookie Ladder"",""href"":""https://www.nba.com/news/category/kia-rookie-ladder"",""type"":""custom"",""icon"":"""",""mobileOrder"":0},{""id"":488300,""order"":30,""text"":""MVP Ladder"",""href"":""https://www.nba.com/news/category/kia-race-to-the-mvp-ladder"",""type"":""custom"",""icon"":"""",""mobileOrder"":0},{""id"":925492,""order"":31,""text"":""2025 Free Agency"",""href"":""https://www.nba.com/freeagents/2025"",""type"":""custom"",""icon"":"""",""mobileOrder"":0},{""id"":1335731,""order"":32,""text"":""2025 NBA Awards"",""href"":""https://www.nba.com/awards/2025"",""type"":""custom"",""icon"":"""",""mobileOrder"":0}]},{""id"":1915833,""order"":33,""text"":""2026 All-Star"",""href"":""https://www.nba.com/allstar/2026"",""type"":""custom"",""icon"":"""",""mobileOrder"":0},{""id"":1386326,""order"":34,""text"":""Events"",""href"":""https://www.nba.com/news"",""type"":""custom"",""icon"":"""",""mobileOrder"":0,""children"":[{""id"":1164269,""order"":35,""text"":""2025 Summer League"",""href"":""https://www.nba.com/summer-league/2025"",""type"":""custom"",""icon"":"""",""mobileOrder"":0},{""id"":1386329,""order"":36,""text"":""2025 Draft"",""href"":""https://www.nba.com/draft/2025"",""type"":""custom"",""icon"":"""",""mobileOrder"":0},{""id"":1701550,""order"":37,""text"":""2025 Playoffs"",""href"":""https://www.nba.com/playoffs/2025"",""type"":""custom"",""icon"":"""",""mobileOrder"":0},{""id"":1386327,""order"":38,""text"":""2025 All-Star"",""href"":""https://www.nba.com/allstar/2025"",""type"":""custom"",""icon"":"""",""mobileOrder"":0}]},{""id"":1529925,""order"":39,""text"":""Key Dates"",""href"":""https://www.nba.com/news/key-dates"",""type"":""custom"",""icon"":"""",""mobileOrder"":0},{""id"":1159602,""order"":40,""text"":""Transactions"",""href"":""https://www.nba.com/players/transactions"",""type"":""custom"",""icon"":"""",""mobileOrder"":0},{""id"":1409132,""order"":41,""text"":""Future Starts Now"",""href"":""https://www.nba.com/future-starts-now"",""type"":""custom"",""icon"":"""",""mobileOrder"":0},{""id"":586427,""order"":42,""text"":""History"",""href"":""https://www.nba.com/history"",""type"":""custom"",""icon"":"""",""mobileOrder"":0},{""id"":38389,""order"":43,""text"":""Writer Archive"",""href"":""https://www.nba.com/news/writers-archive"",""type"":""custom"",""icon"":"""",""mobileOrder"":0},{""id"":736745,""order"":44,""text"":""More"",""href"":""https://www.nba.com/news"",""type"":""custom"",""icon"":"""",""mobileOrder"":0,""children"":[{""id"":576633,""order"":45,""text"":""NBA Official"",""href"":""https://official.nba.com"",""type"":""custom"",""icon"":"""",""mobileOrder"":0},{""id"":1536986,""order"":46,""text"":""Podcasts"",""href"":""https://www.nba.com/podcasts"",""type"":""custom"",""icon"":"""",""mobileOrder"":0},{""id"":657784,""order"":47,""text"":""Learn The Game"",""href"":""https://www.nba.com/learn-the-game"",""type"":""custom"",""icon"":"""",""mobileOrder"":0},{""id"":1836893,""order"":48,""text"":""Basketball Hall of Fame"",""href"":""https://www.nba.com/halloffame/2025"",""type"":""custom"",""icon"":"""",""mobileOrder"":0}]}]},{""id"":19,""order"":49,""text"":""Stats"",""href"":""https://www.nba.com/stats"",""type"":""custom"",""icon"":"""",""mobileOrder"":8,""children"":[{""id"":724932,""order"":50,""text"":""Stats Home"",""href"":""https://www.nba.com/stats"",""type"":""custom"",""icon"":"""",""mobileOrder"":0},{""id"":1502008,""order"":51,""text"":""Dunk Score"",""href"":""https://www.nba.com/dunk-score"",""type"":""custom"",""icon"":"""",""mobileOrder"":0},{""id"":1853683,""order"":52,""text"":""Inside the Game"",""href"":""https://www.nba.com/inside-the-game"",""type"":""post_type"",""icon"":"""",""mobileOrder"":0,""postId"":1853175,""postType"":""page""},{""id"":724933,""order"":53,""text"":""Players"",""href"":""https://www.nba.com/stats/players"",""type"":""custom"",""icon"":"""",""mobileOrder"":0,""children"":[{""id"":724934,""order"":54,""text"":""Players Home"",""href"":""https://www.nba.com/stats/players"",""type"":""custom"",""icon"":"""",""mobileOrder"":0},{""id"":724935,""order"":55,""text"":""Player Index"",""href"":""https://www.nba.com/players"",""type"":""custom"",""icon"":"""",""mobileOrder"":0},{""id"":724936,""order"":56,""text"":""Traditional Stats"",""href"":""https://www.nba.com/stats/players/traditional"",""type"":""custom"",""icon"":"""",""mobileOrder"":0},{""id"":724937,""order"":57,""text"":""All Time Summary"",""href"":""https://www.nba.com/stats/alltime"",""type"":""custom"",""icon"":"""",""mobileOrder"":0},{""id"":724938,""order"":58,""text"":""Clutch"",""href"":""https://www.nba.com/stats/players/clutch-traditional"",""type"":""custom"",""icon"":"""",""mobileOrder"":0},{""id"":724939,""order"":59,""text"":""Shot Dashboard"",""href"":""https://www.nba.com/stats/players/shots-general"",""type"":""custom"",""icon"":"""",""mobileOrder"":0},{""id"":724940,""order"":60,""text"":""Defensive Dashboard"",""href"":""https://www.nba.com/stats/players/defense-dash-overall"",""type"":""custom"",""icon"":"""",""mobileOrder"":0},{""id"":724941,""order"":61,""text"":""Play Type"",""href"":""https://www.nba.com/stats/players/transition"",""type"":""custom"",""icon"":"""",""mobileOrder"":0},{""id"":724942,""order"":62,""text"":""Tracking"",""href"":""https://www.nba.com/stats/players/catch-shoot"",""type"":""custom"",""icon"":"""",""mobileOrder"":0},{""id"":724943,""order"":63,""text"":""Shooting"",""href"":""https://www.nba.com/stats/players/shooting"",""type"":""custom"",""icon"":"""",""mobileOrder"":0},{""id"":724944,""order"":64,""text"":""Opponent Shooting"",""href"":""https://www.nba.com/stats/players/opponent-shooting"",""type"":""custom"",""icon"":"""",""mobileOrder"":0},{""id"":724945,""order"":65,""text"":""Hustle"",""href"":""https://www.nba.com/stats/players/hustle"",""type"":""custom"",""icon"":"""",""mobileOrder"":0},{""id"":724946,""order"":66,""text"":""Box Outs"",""href"":""https://www.nba.com/stats/players/box-outs"",""type"":""custom"",""icon"":"""",""mobileOrder"":0},{""id"":724947,""order"":67,""text"":""Bios"",""href"":""https://www.nba.com/stats/players/bio"",""type"":""custom"",""icon"":"""",""mobileOrder"":0},{""id"":724948,""order"":68,""text"":""Box Scores"",""href"":""https://www.nba.com/stats/players/boxscores"",""type"":""custom"",""icon"":"""",""mobileOrder"":0},{""id"":724949,""order"":69,""text"":""Advanced Box Scores"",""href"":""https://www.nba.com/stats/players/boxscores-traditional"",""type"":""custom"",""icon"":"""",""mobileOrder"":0}]},{""id"":724950,""order"":70,""text"":""Teams"",""href"":""https://www.nba.com/stats/teams"",""type"":""custom"",""icon"":"""",""mobileOrder"":0,""children"":[{""id"":724951,""order"":71,""text"":""Teams Home"",""href"":""https://www.nba.com/stats/teams"",""type"":""custom"",""icon"":"""",""mobileOrder"":0},{""id"":724952,""order"":72,""text"":""Traditional Stats"",""href"":""https://www.nba.com/stats/teams/traditional"",""type"":""custom"",""icon"":"""",""mobileOrder"":0},{""id"":724953,""order"":73,""text"":""All Teams"",""href"":""https://www.nba.com/teams"",""type"":""custom"",""icon"":"""",""mobileOrder"":0},{""id"":724954,""order"":74,""text"":""Lineups"",""href"":""https://www.nba.com/stats/lineups/traditional"",""type"":""custom"",""icon"":"""",""mobileOrder"":0},{""id"":724955,""order"":75,""text"":""Clutch"",""href"":""https://www.nba.com/stats/teams/clutch-traditional"",""type"":""custom"",""icon"":"""",""mobileOrder"":0},{""id"":724956,""order"":76,""text"":""Shot Dashboard"",""href"":""https://www.nba.com/stats/teams/shots-general"",""type"":""custom"",""icon"":"""",""mobileOrder"":0},{""id"":724957,""order"":77,""text"":""Defense Dashboard"",""href"":""https://www.nba.com/stats/teams/defense-dash-overall"",""type"":""custom"",""icon"":"""",""mobileOrder"":0},{""id"":724958,""order"":78,""text"":""Play Type"",""href"":""https://www.nba.com/stats/teams/transition"",""type"":""custom"",""icon"":"""",""mobileOrder"":0},{""id"":724959,""order"":79,""text"":""Tracking"",""href"":""https://www.nba.com/stats/teams/catch-shoot"",""type"":""custom"",""icon"":"""",""mobileOrder"":0},{""id"":724960,""order"":80,""text"":""Shooting"",""href"":""https://www.nba.com/stats/teams/shooting"",""type"":""custom"",""icon"":"""",""mobileOrder"":0},{""id"":724961,""order"":81,""text"":""Opponent Shooting"",""href"":""https://www.nba.com/stats/teams/opponent-shooting"",""type"":""custom"",""icon"":"""",""mobileOrder"":0},{""id"":724962,""order"":82,""text"":""Hustle Stats"",""href"":""https://www.nba.com/stats/teams/hustle"",""type"":""custom"",""icon"":"""",""mobileOrder"":0},{""id"":724963,""order"":83,""text"":""Box Outs"",""href"":""https://www.nba.com/stats/teams/box-outs"",""type"":""custom"",""icon"":"""",""mobileOrder"":0},{""id"":724964,""order"":84,""text"":""Box Scores"",""href"":""https://www.nba.com/stats/teams/boxscores"",""type"":""custom"",""icon"":"""",""mobileOrder"":0},{""id"":724965,""order"":85,""text"":""Advanced Box Scores"",""href"":""https://www.nba.com/stats/teams/boxscores-traditional"",""type"":""custom"",""icon"":"""",""mobileOrder"":0}]},{""id"":724966,""order"":86,""text"":""Leaders"",""href"":""https://www.nba.com/stats/leaders"",""type"":""custom"",""icon"":"""",""mobileOrder"":0,""children"":[{""id"":724967,""order"":87,""text"":""Official Leaders"",""href"":""https://www.nba.com/stats/leaders"",""type"":""custom"",""icon"":"""",""mobileOrder"":0},{""id"":724968,""order"":88,""text"":""All-Time Leaders"",""href"":""https://www.nba.com/stats/alltime-leaders"",""type"":""custom"",""icon"":"""",""mobileOrder"":0},{""id"":724969,""order"":89,""text"":""Hustle Leaders"",""href"":""https://www.nba.com/stats/players/hustle-leaders"",""type"":""custom"",""icon"":"""",""mobileOrder"":0},{""id"":724970,""order"":90,""text"":""Advanced Leaders"",""href"":""https://www.nba.com/stats/players/advanced-leaders"",""type"":""custom"",""icon"":"""",""mobileOrder"":0}]},{""id"":724973,""order"":91,""text"":""Stats 101"",""href"":""https://www.nba.com/stats/help/glossary"",""type"":""custom"",""icon"":"""",""mobileOrder"":0,""children"":[{""id"":724974,""order"":92,""text"":""Franchise History"",""href"":""https://www.nba.com/stats/history"",""type"":""custom"",""icon"":"""",""mobileOrder"":0},{""id"":724975,""order"":93,""text"":""Statistical Minimums"",""href"":""https://www.nba.com/stats/help/statminimums"",""type"":""custom"",""icon"":"""",""mobileOrder"":0},{""id"":724976,""order"":94,""text"":""Glossary"",""href"":""https://www.nba.com/stats/help/glossary"",""type"":""custom"",""icon"":"""",""mobileOrder"":0},{""id"":724977,""order"":95,""text"":""Transactions"",""href"":""https://www.nba.com/players/transactions"",""type"":""custom"",""icon"":"""",""mobileOrder"":0},{""id"":724978,""order"":96,""text"":""Fantasy News"",""href"":""https://www.nba.com/stats/fantasynews"",""type"":""custom"",""icon"":"""",""mobileOrder"":0},{""id"":724979,""order"":97,""text"":""Articles"",""href"":""https://www.nba.com/stats/featuredarchive"",""type"":""custom"",""icon"":"""",""mobileOrder"":0},{""id"":724980,""order"":98,""text"":""Weekly Stats Archive"",""href"":""https://www.nba.com/stats/spotlightarchive"",""type"":""custom"",""icon"":"""",""mobileOrder"":0},{""id"":724981,""order"":99,""text"":""FAQ"",""href"":""https://www.nba.com/stats/help/faq"",""type"":""custom"",""icon"":"""",""mobileOrder"":0},{""id"":724982,""order"":100,""text"":""Video \u0026 Tracking Status"",""href"":""https://www.nba.com/stats/help/videostatus"",""type"":""custom"",""icon"":"""",""mobileOrder"":0},{""id"":724983,""order"":101,""text"":""Video Rulebook"",""href"":""https://videorulebook.nba.com"",""type"":""custom"",""icon"":"""",""mobileOrder"":0}]},{""id"":893164,""order"":102,""text"":""Cume Stats"",""href"":""https://www.nba.com/stats/cumestats"",""type"":""custom"",""icon"":"""",""mobileOrder"":0},{""id"":724994,""order"":103,""text"":""Lineups Tool"",""href"":""https://www.nba.com/stats/lineups/lineups-tool"",""type"":""custom"",""icon"":"""",""mobileOrder"":0},{""id"":724995,""order"":104,""text"":""Media Central Game Stats"",""href"":""https://www.nba.com/stats/tools/media-central-game-stats"",""type"":""custom"",""icon"":"""",""mobileOrder"":0},{""id"":891567,""order"":105,""text"":""Draft"",""href"":""https://www.nba.com/stats/draft/combine"",""type"":""custom"",""icon"":"""",""mobileOrder"":0,""children"":[{""id"":891559,""order"":106,""text"":""Draft Combine"",""href"":""https://www.nba.com/stats/draft/combine"",""type"":""custom"",""icon"":"""",""mobileOrder"":0},{""id"":891561,""order"":107,""text"":""Draft History"",""href"":""https://www.nba.com/stats/draft/history"",""type"":""custom"",""icon"":"""",""mobileOrder"":0},{""id"":1748683,""order"":108,""text"":""Combine Scrimmages"",""href"":""https://www.nba.com/news/draft-combine-scrimmages-may-14-recap"",""type"":""custom"",""icon"":"""",""mobileOrder"":0},{""id"":891563,""order"":109,""text"":""Combine Shooting Drills"",""href"":""https://www.nba.com/stats/draft/combine-shooting-drills"",""type"":""custom"",""icon"":"""",""mobileOrder"":0},{""id"":891565,""order"":110,""text"":""Combine Strength \u0026 Agility"",""href"":""https://www.nba.com/stats/draft/combine-strength-agility"",""type"":""custom"",""icon"":"""",""mobileOrder"":0},{""id"":891566,""order"":111,""text"":""Combine Anthro"",""href"":""https://www.nba.com/stats/draft/combine-anthro"",""type"":""custom"",""icon"":"""",""mobileOrder"":0}]},{""id"":724996,""order"":112,""text"":""Quick Links"",""href"":""https://www.nba.com/stats/quicklinks"",""type"":""custom"",""icon"":"""",""mobileOrder"":0},{""id"":724984,""order"":113,""text"":""Contact Us"",""href"":""https://www.nba.com/stats/help"",""type"":""custom"",""icon"":"""",""mobileOrder"":0}]},{""id"":17,""order"":114,""text"":""Standings"",""href"":""https://www.nba.com/standings"",""type"":""custom"",""icon"":"""",""mobileOrder"":9,""children"":[{""id"":1874960,""order"":115,""text"":""2025-26 Regular Season Standings"",""href"":""https://www.nba.com/standings"",""type"":""custom"",""icon"":"""",""mobileOrder"":0},{""id"":1874961,""order"":116,""text"":""Division"",""href"":""https://www.nba.com/standings?GroupBy=div"",""type"":""custom"",""icon"":"""",""mobileOrder"":0},{""id"":1874962,""order"":117,""text"":""Conference"",""href"":""https://www.nba.com/standings?GroupBy=conf"",""type"":""custom"",""icon"":"""",""mobileOrder"":0},{""id"":1874963,""order"":118,""text"":""Emirates NBA Cup"",""href"":""https://www.nba.com/nba-cup/2025/standings"",""type"":""custom"",""icon"":"""",""mobileOrder"":0},{""id"":1854499,""order"":119,""text"":""Preseason"",""href"":""https://www.nba.com/stats/teams/preseason"",""type"":""custom"",""icon"":"""",""mobileOrder"":0}]},{""id"":18,""order"":120,""text"":""Teams"",""href"":""https://www.nba.com/teams"",""type"":""team_menu_module"",""icon"":"""",""mobileOrder"":10},{""id"":20,""order"":121,""text"":""Players"",""href"":""https://www.nba.com/players"",""type"":""custom"",""icon"":"""",""mobileOrder"":11,""children"":[{""id"":444893,""order"":122,""text"":""Players Home"",""href"":""https://www.nba.com/players"",""type"":""custom"",""icon"":"""",""mobileOrder"":0},{""id"":518210,""order"":123,""text"":""Player Stats"",""href"":""https://www.nba.com/stats/players"",""type"":""custom"",""icon"":"""",""mobileOrder"":0},{""id"":444894,""order"":124,""text"":""Starting Lineups"",""href"":""https://www.nba.com/players/todays-lineups"",""type"":""custom"",""icon"":"""",""mobileOrder"":0},{""id"":444895,""order"":125,""text"":""Transactions"",""href"":""https://www.nba.com/players/transactions"",""type"":""custom"",""icon"":"""",""mobileOrder"":0}]},{""id"":1251021,""order"":126,""text"":""NBA Play"",""href"":""https://play.nba.com"",""type"":""custom"",""icon"":"""",""mobileOrder"":12,""children"":[{""id"":1303162,""order"":127,""text"":""Home"",""href"":""https://play.nba.com"",""type"":""custom"",""icon"":"""",""mobileOrder"":0},{""id"":1303163,""order"":128,""text"":""Full Court Guess"",""href"":""https://play.nba.com/nba-full-court-guess"",""type"":""custom"",""icon"":"""",""mobileOrder"":0},{""id"":1303166,""order"":129,""text"":""Rank"",""href"":""https://play.nba.com/nba-rank"",""type"":""custom"",""icon"":"""",""mobileOrder"":0},{""id"":1303165,""order"":130,""text"":""IQ"",""href"":""https://play.nba.com/nba-iq"",""type"":""custom"",""icon"":"""",""mobileOrder"":0},{""id"":1303167,""order"":131,""text"":""Player Path"",""href"":""https://play.nba.com/nba-player-path"",""type"":""custom"",""icon"":"""",""mobileOrder"":0},{""id"":1303168,""order"":132,""text"":""Trivia"",""href"":""https://play.nba.com/nba-trivia?source=daily"",""type"":""custom"",""icon"":"""",""mobileOrder"":0},{""id"":1303164,""order"":133,""text"":""Hoop Connect"",""href"":""https://play.nba.com/nba-hoop-connect"",""type"":""custom"",""icon"":"""",""mobileOrder"":0}]},{""id"":1405602,""order"":134,""text"":""Fantasy"",""href"":""https://www.nba.com/fantasy"",""type"":""custom"",""icon"":"""",""mobileOrder"":14,""children"":[{""id"":1405603,""order"":135,""text"":""Fantasy Home"",""href"":""https://www.nba.com/fantasy"",""type"":""custom"",""icon"":"""",""mobileOrder"":0},{""id"":1410724,""order"":136,""text"":""Play Yahoo Fantasy"",""href"":""https://basketball.fantasysports.yahoo.com/nba/signup/?ncid=100001720"",""type"":""custom"",""icon"":"""",""mobileOrder"":0},{""id"":1419938,""order"":137,""text"":""FantasyPros Tools"",""href"":""https://www.fantasypros.com/nba"",""type"":""custom"",""icon"":"""",""mobileOrder"":0},{""id"":1935152,""order"":138,""text"":""Tournament Challenge"",""href"":""https://picks.nba.com/tournament-challenge"",""type"":""custom"",""icon"":"""",""mobileOrder"":0},{""id"":1405605,""order"":139,""text"":""NBA Pick'Em"",""href"":""https://picks.nba.com/pickem"",""type"":""custom"",""icon"":"""",""mobileOrder"":0},{""id"":1181554,""order"":140,""text"":""NBABet"",""href"":""https://www.nba.com/nbabet"",""type"":""custom"",""icon"":"""",""mobileOrder"":13},{""id"":1405608,""order"":141,""text"":""FanDuel DFS"",""href"":""https://servedby.flashtalking.com/click/8/246791;8578307;369307;211;0/?ft_width=1\u0026ft_height=1\u0026gdpr=$GDPR\u0026gdpr_consent=$GDPR_CONSENT_78\u0026us_privacy=$US_PRIVACY\u0026url=39466916"",""type"":""custom"",""icon"":"""",""mobileOrder"":0},{""id"":1405609,""order"":142,""text"":""DraftKings DFS"",""href"":""https://www.draftkings.com/fantasy-basketball"",""type"":""custom"",""icon"":"""",""mobileOrder"":0},{""id"":1405606,""order"":143,""text"":""Play Sorare NBA"",""href"":""https://sorare.com/nba?utm_source=partnerships\u0026utm_medium=social\u0026utm_campaign=nba_website_link\u0026utm_term=nba"",""type"":""custom"",""icon"":"""",""mobileOrder"":0},{""id"":1452567,""order"":144,""text"":""Authorized Gaming Operators"",""href"":""https://www.nba.com/nbabet/official-nba-gaming-partners-and-operators-2"",""type"":""custom"",""icon"":"""",""mobileOrder"":0}]},{""id"":22,""order"":145,""text"":""Spacer"",""href"":"""",""type"":""spacer_menu_module"",""icon"":"""",""mobileOrder"":0},{""id"":1319448,""order"":146,""text"":""League Pass"",""href"":""https://www.nba.com/league-pass-purchase"",""type"":""button_yellow"",""icon"":"""",""mobileOrder"":1},{""id"":2749,""order"":147,""text"":""Store"",""href"":""https://global.nba.com/store-link-handler"",""type"":""custom"",""icon"":"""",""mobileOrder"":14,""children"":[{""id"":398114,""order"":148,""text"":""NBA Store"",""href"":""https://global.nba.com/store-link-handler"",""type"":""nba_store_menu_module"",""icon"":"""",""mobileOrder"":0},{""id"":44930,""order"":149,""text"":""Jerseys"",""href"":""https://store.nba.com/jerseys/d-2338402972+z-930066-3838517996?_s=bm-nbacom-hp-jerseys"",""type"":""custom"",""icon"":"""",""mobileOrder"":0},{""id"":44931,""order"":150,""text"":""Men"",""href"":""https://store.nba.com/men/ga-12+z-9834227610-3678762441?_s=bm-nbacom-hp-mens"",""type"":""custom"",""icon"":"""",""mobileOrder"":0},{""id"":45021,""order"":151,""text"":""Women"",""href"":""https://store.nba.com/women/ga-13+z-9992883065-944190737?_s=bm-nbacom-hp-womens"",""type"":""custom"",""icon"":"""",""mobileOrder"":0},{""id"":45033,""order"":152,""text"":""Kids"",""href"":""https://store.nba.com/kids/ga-69+z-851589194-1574389178?_s=bm-nbacom-hp-kids"",""type"":""custom"",""icon"":"""",""mobileOrder"":0},{""id"":45034,""order"":153,""text"":""Custom Shop"",""href"":""https://store.nba.com/custom-shop/c-2642?_s=bm-nbacom-hp-customshop"",""type"":""custom"",""icon"":"""",""mobileOrder"":0},{""id"":45035,""order"":154,""text"":""Hardwood Classics"",""href"":""https://store.nba.com/hardwood-classics/c-48147129+z-9352503-894010671?_s=bm-nbacom-hp-hardwoodclassics"",""type"":""custom"",""icon"":"""",""mobileOrder"":0},{""id"":45042,""order"":155,""text"":""Hats"",""href"":""https://store.nba.com/hats/d-1238400306+z-933233-2567195697?_s=bm-nbacom-hp-hats"",""type"":""custom"",""icon"":"""",""mobileOrder"":0},{""id"":45043,""order"":156,""text"":""Footwear"",""href"":""https://store.nba.com/footwear/d-1294282497+z-957317-2506523281?_s=bm-nbacom-hp-footwear"",""type"":""custom"",""icon"":"""",""mobileOrder"":0},{""id"":45044,""order"":157,""text"":""Auctions"",""href"":""https://auctions.nba.com/iSynApp/showHomePage.action?sid=1101461"",""type"":""custom"",""icon"":"""",""mobileOrder"":0},{""id"":45054,""order"":158,""text"":""NBA Game Worn"",""href"":""https://nbagameworn.nba.com/iSynApp/showHomePage.action?sid=1101561"",""type"":""custom"",""icon"":"""",""mobileOrder"":0},{""id"":45055,""order"":159,""text"":""NYC Store"",""href"":""https://store.nba.com/nyc-store/x-265968+z-785787-1605852944"",""type"":""custom"",""icon"":"""",""mobileOrder"":0},{""id"":45056,""order"":160,""text"":""NBA Photo Store"",""href"":""https://photostore.nba.com"",""type"":""custom"",""icon"":"""",""mobileOrder"":0}]},{""id"":419971,""order"":161,""text"":""Tickets"",""href"":""https://nbatickets.nba.com/?cid=nba:tickets:institutional:nbacom:domsites:rd"",""type"":""custom"",""icon"":"""",""mobileOrder"":16,""children"":[{""id"":760204,""order"":162,""text"":""NBATickets.com"",""href"":""https://nbatickets.nba.com/?cid=nba:tickets:institutional:nbacom:domsites:rd"",""type"":""custom"",""icon"":"""",""mobileOrder"":0},{""id"":760205,""order"":163,""text"":""Official Tickets by Ticketmaster"",""href"":""https://www.ticketmaster.com/nba?brand=nba\u0026wt.mc_id=NBA_LEAGUE_NBA_TICKET_NAV_DROPDOWN\u0026utm_source=NBA.com\u0026utm_medium=client\u0026utm_campaign=NBA_LEAGUE\u0026utm_content=NBA_TICKET_NAV_DROPDOWN"",""type"":""custom"",""icon"":"""",""mobileOrder"":0},{""id"":1348668,""order"":164,""text"":""NBA Experiences"",""href"":""https://nbaexperiences.com"",""type"":""custom"",""icon"":"""",""mobileOrder"":0}]},{""id"":2769,""order"":165,""text"":""Affiliates"",""href"":"""",""type"":""affiliates_menu_module"",""icon"":""grid"",""mobileOrder"":16}]},""footer"":{""links"":[{""id"":172557,""order"":1,""text"":""NBA Organization"",""href"":""https://www.nba.com/#"",""type"":""custom"",""icon"":"""",""mobile_order"":0,""children"":[{""id"":1170495,""order"":2,""text"":""NBA ID"",""href"":""https://www.nba.com/id"",""type"":""custom"",""icon"":"""",""mobile_order"":0},{""id"":172581,""order"":3,""text"":""NBA Official"",""href"":""https://official.nba.com"",""type"":""custom"",""icon"":"""",""mobile_order"":0},{""id"":172624,""order"":4,""text"":""NBA Careers"",""href"":""https://careers.NBA.com"",""type"":""custom"",""icon"":"""",""mobile_order"":0},{""id"":1191670,""order"":5,""text"":""NBA Fan Code of Conduct"",""href"":""https://www.nba.com/nba-fan-code-of-conduct"",""type"":""custom"",""icon"":"""",""mobile_order"":0}]},{""id"":169130,""order"":6,""text"":""NBA Initiatives"",""href"":""http://cares.nba.com"",""type"":""custom"",""icon"":"""",""mobile_order"":0,""children"":[{""id"":1609646,""order"":7,""text"":""NBA Total Health"",""href"":""http://totalhealth.nba.com"",""type"":""custom"",""icon"":"""",""mobile_order"":0},{""id"":169004,""order"":8,""text"":""NBA Cares"",""href"":""https://cares.nba.com"",""type"":""custom"",""icon"":"""",""mobile_order"":0},{""id"":169040,""order"":9,""text"":""Jr. NBA / Jr. WNBA"",""href"":""https://jr.nba.com"",""type"":""custom"",""icon"":"""",""mobile_order"":0},{""id"":169012,""order"":10,""text"":""NBA Foundation"",""href"":""https://nbafoundation.nba.com"",""type"":""custom"",""icon"":"""",""mobile_order"":0},{""id"":169069,""order"":11,""text"":""Social Justice Coalition"",""href"":""https://coalition.nba.com"",""type"":""custom"",""icon"":"""",""mobile_order"":0}]},{""id"":172432,""order"":12,""text"":""Across The League"",""href"":""https://www.nba.com/#"",""type"":""custom"",""icon"":"""",""mobile_order"":0,""children"":[{""id"":172437,""order"":13,""text"":""NBA Communications"",""href"":""https://pr.nba.com"",""type"":""custom"",""icon"":"""",""mobile_order"":0},{""id"":172458,""order"":14,""text"":""Lockervision"",""href"":""https://lockervision.nba.com"",""type"":""custom"",""icon"":"""",""mobile_order"":0},{""id"":172518,""order"":15,""text"":""NBA Transactions"",""href"":""https://www.nba.com/players/transactions"",""type"":""custom"",""icon"":"""",""mobile_order"":0}]},{""id"":172789,""order"":16,""text"":""Shop"",""href"":""https://www.nba.com/#"",""type"":""custom"",""icon"":"""",""mobile_order"":0,""children"":[{""id"":172819,""order"":17,""text"":""Global Stores"",""href"":""https://global.nba.com/store-link-handler"",""type"":""custom"",""icon"":"""",""mobile_order"":0},{""id"":172847,""order"":18,""text"":""NYC Store"",""href"":""https://store.nba.com"",""type"":""custom"",""icon"":"""",""mobile_order"":0},{""id"":172853,""order"":19,""text"":""NBA Auctions"",""href"":""https://auctions.nba.com"",""type"":""custom"",""icon"":"""",""mobile_order"":0},{""id"":172877,""order"":20,""text"":""NBA Photostore"",""href"":""https://photostore.nba.com"",""type"":""custom"",""icon"":"""",""mobile_order"":0}]},{""id"":173154,""order"":21,""text"":""Subscriptions"",""href"":""https://www.nba.com/#"",""type"":""custom"",""icon"":"""",""mobile_order"":0,""children"":[{""id"":1407820,""order"":22,""text"":""League Pass"",""href"":""https://www.nba.com/watch/league-pass-stream"",""type"":""button_yellow"",""icon"":"""",""mobile_order"":0},{""id"":602730,""order"":23,""text"":""Customer Support"",""href"":""https://support.watch.nba.com/hc/en-us"",""type"":""custom"",""icon"":"""",""mobile_order"":0}]}],""legal"":[{""id"":275565,""order"":1,""text"":""Privacy Policy"",""href"":""https://www.nba.com/privacy-policy"",""type"":""post_type"",""icon"":"""",""mobile_order"":0,""post_id"":196023,""post_type"":""page""},{""id"":1176297,""order"":2,""text"":""EEA/UK Privacy Statement"",""href"":""https://www.nba.com/eeaukprivacy"",""type"":""post_type"",""icon"":"""",""mobile_order"":0,""post_id"":1175961,""post_type"":""page""},{""id"":1850261,""order"":3,""text"":""UK Tax Strategy Statement"",""href"":""https://www.nba.com/news/nba-uk-tax-strategy-statement"",""type"":""custom"",""icon"":"""",""mobile_order"":0},{""id"":1176299,""order"":4,""text"":""Brazil Privacy Statement "",""href"":""https://www.nba.com/brazilprivacy"",""type"":""post_type"",""icon"":"""",""mobile_order"":0,""post_id"":1173150,""post_type"":""page""},{""id"":1176300,""order"":5,""text"":""Colorado Consumer Privacy Statement"",""href"":""https://www.nba.com/coprivacy"",""type"":""post_type"",""icon"":"""",""mobile_order"":0,""post_id"":1175925,""post_type"":""page""},{""id"":1176301,""order"":6,""text"":""California Consumer Privacy Statement"",""href"":""https://www.nba.com/caprivacy"",""type"":""post_type"",""icon"":"""",""mobile_order"":0,""post_id"":1175910,""post_type"":""page""},{""id"":197372,""order"":7,""text"":""Terms of Use"",""href"":""https://www.nba.com/termsofuse"",""type"":""post_type"",""icon"":"""",""mobile_order"":0,""post_id"":196044,""post_type"":""page""},{""id"":1176298,""order"":8,""text"":""Cookie Policy"",""href"":""https://www.nba.com/cookiepolicy"",""type"":""post_type"",""icon"":"""",""mobile_order"":0,""post_id"":1175965,""post_type"":""page""},{""id"":398806,""order"":9,""text"":""Accessibility and Closed Captions"",""href"":""https://nba.com/accessibility"",""type"":""custom"",""icon"":"""",""mobile_order"":0},{""id"":397401,""order"":10,""text"":""Customer Support"",""href"":""https://support.watch.nba.com/hc/en-us"",""type"":""custom"",""icon"":"""",""mobile_order"":0}],""social"":[{""id"":171872,""order"":1,""text"":""Facebook"",""href"":""https://facebook.com/nba"",""type"":""custom"",""icon"":""facebook""},{""id"":171839,""order"":2,""text"":""Instagram"",""href"":""https://instagram.com/nba/?hl=en"",""type"":""custom"",""icon"":""instagram""},{""id"":171823,""order"":3,""text"":""Snapchat"",""href"":""https://snapchat.com/add/nba"",""type"":""custom"",""icon"":""snapchat""},{""id"":398112,""order"":4,""text"":""TikTok"",""href"":""https://www.tiktok.com/@nba"",""type"":""custom"",""icon"":""tiktok""},{""id"":172189,""order"":5,""text"":""Twitter"",""href"":""https://twitter.com/NBA"",""type"":""custom"",""icon"":""twitter""},{""id"":171306,""order"":6,""text"":""Youtube"",""href"":""https://youtube.com/user/NBA"",""type"":""custom"",""icon"":""youtube""},{""id"":492006,""order"":7,""text"":""Twitch"",""href"":""https://www.twitch.tv/nba"",""type"":""custom"",""icon"":""twitch""}]},""subNav"":false,""adPlacements"":{""section"":""homepage"",""refresh"":[[5,30],[5,60]],""responsive"":true,""units"":[{""adUnit"":""NBA/Homepage"",""domId"":""home_ad_b_1"",""posId"":""bnr_atf_01"",""sizeMap"":[{""viewport"":[1800,0],""sizes"":[[970,90],[728,90],[1,2],[1,1]]},{""viewport"":[1440,0],""sizes"":[[970,90],[728,90],[1,2],[1,1]]},{""viewport"":[1024,0],""sizes"":[[970,90],[728,90],[1,2],[1,1]]},{""viewport"":[768,0],""sizes"":[[728,90],[1,2],[1,1]]},{""viewport"":[0,0],""sizes"":[[320,50],[1,2],[1,1]]}],""targets"":[[""pos"",""bnr_atf_01""],[""category"",""""]]},{""adUnit"":""NBA/global_mktg_homepage"",""domId"":""home_ad_m_1"",""posId"":""mod_bf8146298"",""sizeMap"":[{""viewport"":[1440,0],""sizes"":[[200,90]]},{""viewport"":[1024,0],""sizes"":[[200,90]]},{""viewport"":[0,0],""sizes"":[]}],""targets"":[[""pos"",""mod_bf8146298""]]},{""adUnit"":""NBA/Homepage/Marketing"",""domId"":""home_ad_r_1"",""posId"":""nfs_btf_01"",""sizeMap"":[{""viewport"":[0,0],""sizes"":[[300,250]]}],""targets"":[[""pos"",""nfs_btf_01""],[""category"",""""]]},{""adUnit"":""NBA/Homepage"",""domId"":""home_ad_b_2"",""posId"":""bnr_atf_02"",""sizeMap"":[{""viewport"":[1800,0],""sizes"":[[970,90],[728,90],[2,2]]},{""viewport"":[1440,0],""sizes"":[[970,90],[728,90],[2,2]]},{""viewport"":[1024,0],""sizes"":[[970,90],[728,90],[2,2]]},{""viewport"":[768,0],""sizes"":[[728,90],[2,2]]},{""viewport"":[0,0],""sizes"":[[320,50],[2,2]]}],""targets"":[[""pos"",""bnr_atf_02""],[""category"",""""]]},{""adUnit"":""NBA/Homepage"",""domId"":""home_ad_b_4"",""posId"":""bnr_btf_01"",""sizeMap"":[{""viewport"":[1800,0],""sizes"":[[970,90],[728,90],[2,2]]},{""viewport"":[1440,0],""sizes"":[[970,90],[728,90],[2,2]]},{""viewport"":[1024,0],""sizes"":[[970,90],[728,90],[2,2]]},{""viewport"":[768,0],""sizes"":[[728,90],[2,2]]},{""viewport"":[0,0],""sizes"":[[320,50],[2,2]]}],""targets"":[[""pos"",""bnr_btf_01""],[""category"",""""]]},{""adUnit"":""NBA/Homepage"",""domId"":""home_ad_b_5"",""posId"":""nat_atf_01"",""sizeMap"":[{""viewport"":[1024,0],""sizes"":[[""fluid""]]},{""viewport"":[0,0],""sizes"":[]}],""targets"":[[""pos"",""nat_atf_01""],[""category"",""""]]}],""exists"":true},""analytics"":{""page"":{""pageInfo"":{""pageName"":""nba:home"",""siteSection"":""nba:home"",""subSection1"":""nba:home"",""subSection2"":""nba:home:non-showtime"",""primaryCategory"":""home"",""secondaryCategory"":""non-showtime""}},""site"":{""propertyName"":""nba:web"",""league"":""nba""},""exists"":true}},""home"":{""overrideContent"":{""content"":""""},""tuneInBanner"":{""image"":""https://cdn.nba.com/manage/2025/10/NBA_LP_2880x120_SoS_np_COURT_SIGN_UP_NOW.jpg"",""mobileImage"":""https://cdn.nba.com/manage/2025/10/NBA_LP_640x66_SoS_np_COURT_SIGN_UP_NOW_DLP.jpg"",""tabletImage"":"""",""url"":""https://nba.smart.link/s8jqp435a"",""mobileUrl"":""https://nba.smart.link/s8jqp435a""},""carousel"":{""showtime"":false,""total"":6,""count"":6,""items"":[{""id"":1936583,""type"":""game"",""name"":""2025-12-02-okc-gsw-0022500323"",""title"":""SGA, Thunder look to push win streak to 13 straight"",""slug"":""2025-12-02-okc-gsw-0022500323"",""excerpt"":"""",""permalink"":""https://www.nba.com/game/okc-vs-gsw-0022500323/"",""shortTitle"":"""",""idGame"":""0022500323"",""headline"":""SGA, Thunder look to push win streak to 13 straight"",""idTeamHome"":""1610612744"",""idTeamAway"":""1610612760"",""nameHomeTeam"":""Golden State Warriors"",""nameAwayTeam"":""Oklahoma City Thunder"",""imageGame"":""https://cdn.nba.com/manage/2025/12/okc-@-gsw-12_02_2025-game-card-16x9-1.png"",""gameInfoOverride"":"""",""dailyGameRank"":""2"",""branchUrl"":""https://nba.smart.link/2g4lj7g0e?gameid=0022500323"",""hideGameCharts"":false,""hideLineScores"":false,""gameTile"":{""1200x628"":""https://cdn.nba.com/davinci/images/team-matchups/nba/latest/web/okc-gsw/1200x628.png"",""428x241"":""https://cdn.nba.com/davinci/images/team-matchups/nba/latest/web/okc-gsw/428x241.png"",""375x211"":""https://cdn.nba.com/davinci/images/team-matchups/nba/latest/web/okc-gsw/375x211.png"",""198x112"":""https://cdn.nba.com/davinci/images/team-matchups/nba/latest/web/okc-gsw/198x112.png"",""169x96"":""https://cdn.nba.com/davinci/images/team-matchups/nba/latest/web/okc-gsw/169x96.png""},""gameLabelOverride"":"""",""gameSubLabelOverride"":"""",""seriesTextOverride"":"""",""isTabletopGame"":false,""state"":1,""utcTime"":""2025-12-03T04:00:00Z"",""providers"":[{""broadcasterMedia"":""tv"",""broadcasterDisplay"":""NBC"",""broadcasterAbbreviation"":""NBC"",""broadcasterId"":1001452,""broadcasterTeamId"":-1,""broadcasterRanking"":5,""broadcasterDescription"":"""",""broadcasterScope"":""natl"",""broadcasterVideoLink"":"""",""localizationRegion"":""West"",""tapeDelayComments"":""""},{""broadcasterMedia"":""tv"",""broadcasterDisplay"":""Peacock"",""broadcasterAbbreviation"":""Peacock"",""broadcasterId"":1001453,""broadcasterTeamId"":-1,""broadcasterRanking"":3,""broadcasterDescription"":"""",""broadcasterScope"":""natl"",""broadcasterVideoLink"":""https://peacocktv.app.link/ZBEzwbtXUXb"",""localizationRegion"":"""",""tapeDelayComments"":""""},{""broadcasterMedia"":""tv"",""broadcasterDisplay"":""NBCSBA"",""broadcasterAbbreviation"":""NBCSBA"",""broadcasterId"":1097,""broadcasterTeamId"":1610612744,""broadcasterRanking"":null,""broadcasterDescription"":"""",""broadcasterScope"":""home"",""broadcasterVideoLink"":""https://www.nbc.com/watch/nba/thunder-vs-warriors/12013320"",""localizationRegion"":"""",""tapeDelayComments"":""""},{""broadcasterMedia"":""radio"",""broadcasterDisplay"":""95.7 The Game"",""broadcasterAbbreviation"":""KGMZ-FM"",""broadcasterId"":1597,""broadcasterTeamId"":1610612744,""broadcasterRanking"":null,""broadcasterDescription"":"""",""broadcasterScope"":""home"",""broadcasterVideoLink"":"""",""localizationRegion"":"""",""tapeDelayComments"":""""},{""broadcasterMedia"":""tv"",""broadcasterDisplay"":""FanDuel Sports Network - Oklahoma"",""broadcasterAbbreviation"":""FDSNOK"",""broadcasterId"":1001245,""broadcasterTeamId"":1610612760,""broadcasterRanking"":null,""broadcasterDescription"":"""",""broadcasterScope"":""away"",""broadcasterVideoLink"":""https://go.fanduelsportsnetwork.com/LEpnQ97cDYb"",""localizationRegion"":"""",""tapeDelayComments"":""""},{""broadcasterMedia"":""radio"",""broadcasterDisplay"":""WWLS 98.1FM OKC"",""broadcasterAbbreviation"":""WWLS"",""broadcasterId"":1140,""broadcasterTeamId"":1610612760,""broadcasterRanking"":null,""broadcasterDescription"":"""",""broadcasterScope"":""away"",""broadcasterVideoLink"":"""",""localizationRegion"":"""",""tapeDelayComments"":""""}],""isBreaking"":false,""hero"":{""cta"":"""",""image"":""https://cdn.nba.com/manage/2025/12/sga-kuminga-120225-scaled.jpg"",""tabTitle"":"""",""excerpt"":"""",""headline"":""SGA, Thunder look to push win streak to 13 straight"",""hideText"":false,""relatedContent"":[{""id"":1936595,""permalink"":""https://www.nba.com/news/okc-thunder-pursuit-73-wins-2025-26"",""title"":""White-hot Thunder on pace to rewrite history"",""type"":""post""},{""id"":1935523,""permalink"":""https://www.nba.com/watch/video/the-association-can-the-okc-thunder-top-last-seasons-production"",""title"":""The Association: Can Thunder top last season's production?"",""type"":""video""},{""id"":1934429,""permalink"":""https://www.nba.com/watch/video/how-many-wins-can-this-okc-thunder-team-get"",""title"":""How many victories can this Thunder team get?"",""type"":""video""}]},""gameStatus"":1,""gameStatusText"":""11:00 pm ET""},{""id"":1936581,""type"":""game"",""name"":""2025-12-02-nyk-bos-0022500320"",""title"":""Behind Brown's 42-point gem, Celtics turn away Knicks"",""slug"":""2025-12-02-nyk-bos-0022500320"",""excerpt"":"""",""permalink"":""https://www.nba.com/game/nyk-vs-bos-0022500320/"",""shortTitle"":"""",""idGame"":""0022500320"",""headline"":""Behind Brown's 42-point gem, Celtics turn away Knicks"",""idTeamHome"":""1610612738"",""idTeamAway"":""1610612752"",""nameHomeTeam"":""Boston Celtics"",""nameAwayTeam"":""New York Knicks"",""imageGame"":""https://cdn.nba.com/manage/2025/12/brown-iso-meta-120225-scaled.jpg"",""gameInfoOverride"":"""",""dailyGameRank"":""1"",""branchUrl"":""https://nba.smart.link/2g4lj7g0e?gameid=0022500320"",""hideGameCharts"":false,""hideLineScores"":false,""gameTile"":{""1200x628"":""https://cdn.nba.com/davinci/images/team-matchups/nba/latest/web/nyk-bos/1200x628.png"",""428x241"":""https://cdn.nba.com/davinci/images/team-matchups/nba/latest/web/nyk-bos/428x241.png"",""375x211"":""https://cdn.nba.com/davinci/images/team-matchups/nba/latest/web/nyk-bos/375x211.png"",""198x112"":""https://cdn.nba.com/davinci/images/team-matchups/nba/latest/web/nyk-bos/198x112.png"",""169x96"":""https://cdn.nba.com/davinci/images/team-matchups/nba/latest/web/nyk-bos/169x96.png""},""gameLabelOverride"":"""",""gameSubLabelOverride"":"""",""seriesTextOverride"":"""",""isTabletopGame"":false,""state"":2,""utcTime"":""2025-12-03T01:00:00Z"",""providers"":[{""broadcasterMedia"":""tv"",""broadcasterDisplay"":""NBC"",""broadcasterAbbreviation"":""NBC"",""broadcasterId"":1001452,""broadcasterTeamId"":-1,""broadcasterRanking"":5,""broadcasterDescription"":"""",""broadcasterScope"":""natl"",""broadcasterVideoLink"":"""",""localizationRegion"":""East"",""tapeDelayComments"":""""},{""broadcasterMedia"":""tv"",""broadcasterDisplay"":""Peacock"",""broadcasterAbbreviation"":""Peacock"",""broadcasterId"":1001453,""broadcasterTeamId"":-1,""broadcasterRanking"":3,""broadcasterDescription"":"""",""broadcasterScope"":""natl"",""broadcasterVideoLink"":""https://peacocktv.app.link/mAMi08bvlXb"",""localizationRegion"":"""",""tapeDelayComments"":""""},{""broadcasterMedia"":""radio"",""broadcasterDisplay"":""WROR (105.7 FM)"",""broadcasterAbbreviation"":""WROR"",""broadcasterId"":1720,""broadcasterTeamId"":1610612738,""broadcasterRanking"":null,""broadcasterDescription"":"""",""broadcasterScope"":""home"",""broadcasterVideoLink"":"""",""localizationRegion"":"""",""tapeDelayComments"":""""},{""broadcasterMedia"":""tv"",""broadcasterDisplay"":""Gotham"",""broadcasterAbbreviation"":""MSG"",""broadcasterId"":100,""broadcasterTeamId"":1610612752,""broadcasterRanking"":null,""broadcasterDescription"":"""",""broadcasterScope"":""away"",""broadcasterVideoLink"":""https://gothamsports.onelink.me/m8jl/NBAKnicks"",""localizationRegion"":"""",""tapeDelayComments"":""""},{""broadcasterMedia"":""radio"",""broadcasterDisplay"":""880 ESPN New York"",""broadcasterAbbreviation"":""WHSQ"",""broadcasterId"":1001199,""broadcasterTeamId"":1610612752,""broadcasterRanking"":null,""broadcasterDescription"":"""",""broadcasterScope"":""away"",""broadcasterVideoLink"":"""",""localizationRegion"":"""",""tapeDelayComments"":""""}],""isBreaking"":false,""hero"":{""cta"":"""",""image"":""https://cdn.nba.com/manage/2025/12/brown-nyk-120225-scaled.jpg"",""tabTitle"":"""",""excerpt"":"""",""headline"":""Behind Brown's 42-point gem, Celtics turn away Knicks"",""hideText"":false,""relatedContent"":[{""id"":1937392,""permalink"":""https://www.nba.com/watch/video/jaylen-brown-rises-up-for-the-dunk-5"",""title"":""Brown rises up for thunderous throwdown"",""type"":""video""},{""id"":1937299,""permalink"":""https://www.nba.com/watch/video/neemias-queta-rises-to-finish-the-alley-oop-3"",""title"":""Queta rises to finish the alley-oop"",""type"":""video""},{""id"":1935226,""permalink"":""https://www.nba.com/news/nba-players-week-luka-doncic-jalen-brunson"",""title"":""Brunson named East Player of the Week"",""type"":""post""}]},""gameStatus"":3,""gameStatusText"":""Final""},{""id"":1925462,""type"":""post"",""name"":""power-rankings-2025-26-week-7"",""title"":""Power Rankings: Lifted by Bane, Magic climb into Top 10"",""status"":""publish"",""slug"":""power-rankings-2025-26-week-7"",""permalink"":""https://www.nba.com/news/power-rankings-2025-26-week-7"",""excerpt"":""The Lakers, Knicks, Magic and Wolves are surging at the season's quarter point while the Top 3 remains unchanged."",""timestamp"":1764618863000,""date"":""2025-12-01T14:58:16Z"",""modified"":""2025-12-01T19:54:23Z"",""featuredImage"":""https://cdn.nba.com/manage/2025/12/luka-reaves.jpg"",""category"":""Power Rankings,Top Stories"",""taxonomy"":{""categories"":{""power-rankings"":""Power Rankings"",""top-stories"":""Top Stories""},""teams"":{""1610612737"":""Atlanta Hawks"",""1610612738"":""Boston Celtics"",""1610612739"":""Cleveland Cavaliers"",""1610612740"":""New Orleans Pelicans"",""1610612741"":""Chicago Bulls"",""1610612742"":""Dallas Mavericks"",""1610612743"":""Denver Nuggets"",""1610612744"":""Golden State Warriors"",""1610612745"":""Houston Rockets"",""1610612746"":""LA Clippers"",""1610612747"":""Los Angeles Lakers"",""1610612748"":""Miami Heat"",""1610612749"":""Milwaukee Bucks"",""1610612750"":""Minnesota Timberwolves"",""1610612751"":""Brooklyn Nets"",""1610612752"":""New York Knicks"",""1610612753"":""Orlando Magic"",""1610612754"":""Indiana Pacers"",""1610612755"":""Philadelphia 76ers"",""1610612756"":""Phoenix Suns"",""1610612757"":""Portland Trail Blazers"",""1610612758"":""Sacramento Kings"",""1610612759"":""San Antonio Spurs"",""1610612760"":""Oklahoma City Thunder"",""1610612761"":""Toronto Raptors"",""1610612762"":""Utah Jazz"",""1610612763"":""Memphis Grizzlies"",""1610612764"":""Washington Wizards"",""1610612765"":""Detroit Pistons"",""1610612766"":""Charlotte Hornets""}},""useUpdatedDate"":true,""shortTitle"":""Power Rankings: 4 teams on rise in Top 10"",""tentpoleType"":"""",""showSponsorship"":true,""showWebviewAdBanner"":false,""showWebviewGraphicBanner"":true,""authorHide"":false,""hasFlourishEmbed"":false,""hideFromPlatform"":false,""coverImageId"":"""",""coverImage"":"""",""seo"":{""description"":""The Lakers, Knicks, Magic and Wolves are surging at the season's quarter point while the Top 3 remains unchanged."",""focus_keyword"":""Power Rankings"",""robots"":{""noindex"":false},""schema_type"":""article""},""wordCount"":564,""author"":{""id"":22,""name"":""John Schuhmann""},""categoryPrimary"":{""name"":""Power Rankings"",""slug"":""power-rankings""},""isBreaking"":false,""hero"":{""cta"":""READ"",""image"":""https://cdn.nba.com/manage/2025/12/bane-emotion-120225-scaled.jpg"",""tabTitle"":""POWER RANKINGS"",""excerpt"":"""",""headline"":""Power Rankings: Lifted by Bane, Magic climb into Top 10"",""hideText"":false,""relatedContent"":[{""id"":1935998,""permalink"":""https://www.nba.com/watch/video/highlights-from-desmond-bane-37-point-game"",""title"":""Bane records 2nd consecutive 37-point game"",""type"":""video""},{""id"":1930425,""permalink"":""https://www.nba.com/news/teams-better-or-worse-than-records"",""title"":""Teams that are better (or worse) than their records"",""type"":""post""},{""id"":1919496,""permalink"":""https://www.nba.com/watch/video/the-association-most-underappreciated-players"",""title"":""The Association: Most underappreciated players"",""type"":""video""}]}},{""id"":1935668,""type"":""post"",""name"":""nba-storylines-decembers-strength-of-schedule-rankings"",""title"":""Who has easiest, toughest schedules in December?"",""status"":""publish"",""slug"":""nba-storylines-decembers-strength-of-schedule-rankings"",""permalink"":""https://www.nba.com/news/nba-storylines-decembers-strength-of-schedule-rankings"",""excerpt"":""Breaking down the strength of every team's upcoming schedule in December."",""timestamp"":1764725605000,""date"":""2025-12-02T14:05:10Z"",""modified"":""2025-12-03T01:33:25Z"",""featuredImage"":""https://cdn.nba.com/manage/2025/12/harden2.jpg"",""category"":""news (archive),Top Stories"",""taxonomy"":{""categories"":{""news"":""news (archive)"",""top-stories"":""Top Stories""},""teams"":{""1610612737"":""Atlanta Hawks"",""1610612738"":""Boston Celtics"",""1610612739"":""Cleveland Cavaliers"",""1610612740"":""New Orleans Pelicans"",""1610612741"":""Chicago Bulls"",""1610612742"":""Dallas Mavericks"",""1610612743"":""Denver Nuggets"",""1610612744"":""Golden State Warriors"",""1610612745"":""Houston Rockets"",""1610612746"":""LA Clippers"",""1610612747"":""Los Angeles Lakers"",""1610612748"":""Miami Heat"",""1610612749"":""Milwaukee Bucks"",""1610612750"":""Minnesota Timberwolves"",""1610612751"":""Brooklyn Nets"",""1610612752"":""New York Knicks"",""1610612753"":""Orlando Magic"",""1610612754"":""Indiana Pacers"",""1610612755"":""Philadelphia 76ers"",""1610612756"":""Phoenix Suns"",""1610612757"":""Portland Trail Blazers"",""1610612758"":""Sacramento Kings"",""1610612759"":""San Antonio Spurs"",""1610612760"":""Oklahoma City Thunder"",""1610612761"":""Toronto Raptors"",""1610612762"":""Utah Jazz"",""1610612763"":""Memphis Grizzlies"",""1610612764"":""Washington Wizards"",""1610612765"":""Detroit Pistons"",""1610612766"":""Charlotte Hornets""}},""useUpdatedDate"":true,""shortTitle"":""Easiest \u0026 toughest schedules in December"",""tentpoleType"":"""",""showSponsorship"":true,""showWebviewAdBanner"":false,""showWebviewGraphicBanner"":true,""authorHide"":false,""hasFlourishEmbed"":false,""hideFromPlatform"":false,""coverImageId"":"""",""coverImage"":"""",""seo"":{""focus_keyword"":""December schedule"",""robots"":{""noindex"":false},""schema_type"":""article""},""wordCount"":1782,""author"":{""id"":22,""name"":""John Schuhmann""},""categoryPrimary"":{""name"":""Top Stories"",""slug"":""top-stories""},""isBreaking"":false,""hero"":{""cta"":""READ"",""image"":""https://cdn.nba.com/manage/2025/12/hawks-duo-120225-scaled.jpg"",""tabTitle"":""FEATURE"",""excerpt"":"""",""headline"":""Who has easiest, toughest schedules in December?"",""hideText"":false,""relatedContent"":[{""id"":1934327,""permalink"":""https://www.nba.com/watch/video/highlights-from-jalen-johnson-41-point-game"",""title"":""Jalen Johnson carries Hawks with career-high 41"",""type"":""video""},{""id"":1914015,""permalink"":""https://www.nba.com/news/nba-stats-milestone-watch-december-2025"",""title"":""10 stats milestones to watch for in Dec."",""type"":""post""},{""id"":1925462,""permalink"":""https://www.nba.com/news/power-rankings-2025-26-week-7"",""title"":""Power Rankings: Hawks hold at No. 14"",""type"":""post""}]}},{""id"":1914015,""type"":""post"",""name"":""nba-stats-milestone-watch-december-2025"",""title"":""10 stats milestones to watch for this month"",""status"":""publish"",""slug"":""nba-stats-milestone-watch-december-2025"",""permalink"":""https://www.nba.com/news/nba-stats-milestone-watch-december-2025"",""excerpt"":""As the last month of 2025 begins, these statistical milestones could be within reach."",""timestamp"":1764729859000,""date"":""2025-12-01T16:10:54Z"",""modified"":""2025-12-03T02:44:19Z"",""featuredImage"":""https://cdn.nba.com/manage/2025/10/GettyImages-2242113481.jpg"",""category"":""Top Stories"",""taxonomy"":{""categories"":{""top-stories"":""Top Stories""},""teams"":{""1610612737"":""Atlanta Hawks"",""1610612738"":""Boston Celtics"",""1610612739"":""Cleveland Cavaliers"",""1610612740"":""New Orleans Pelicans"",""1610612741"":""Chicago Bulls"",""1610612742"":""Dallas Mavericks"",""1610612743"":""Denver Nuggets"",""1610612744"":""Golden State Warriors"",""1610612745"":""Houston Rockets"",""1610612746"":""LA Clippers"",""1610612747"":""Los Angeles Lakers"",""1610612748"":""Miami Heat"",""1610612749"":""Milwaukee Bucks"",""1610612750"":""Minnesota Timberwolves"",""1610612751"":""Brooklyn Nets"",""1610612752"":""New York Knicks"",""1610612753"":""Orlando Magic"",""1610612754"":""Indiana Pacers"",""1610612755"":""Philadelphia 76ers"",""1610612756"":""Phoenix Suns"",""1610612757"":""Portland Trail Blazers"",""1610612758"":""Sacramento Kings"",""1610612759"":""San Antonio Spurs"",""1610612760"":""Oklahoma City Thunder"",""1610612761"":""Toronto Raptors"",""1610612762"":""Utah Jazz"",""1610612763"":""Memphis Grizzlies"",""1610612764"":""Washington Wizards"",""1610612765"":""Detroit Pistons"",""1610612766"":""Charlotte Hornets""}},""useUpdatedDate"":true,""shortTitle"":""10 stats milestones to watch for in Dec."",""tentpoleType"":"""",""showSponsorship"":true,""showWebviewAdBanner"":false,""showWebviewGraphicBanner"":true,""authorHide"":false,""hasFlourishEmbed"":false,""hideFromPlatform"":false,""coverImageId"":"""",""coverImage"":"""",""seo"":{""description"":""As the last month of 2025 begins, these statistical milestones could be within reach."",""focus_keyword"":""NBA stats milestones december"",""robots"":{""noindex"":false},""schema_type"":""article""},""wordCount"":1713,""author"":{""id"":99,""name"":""Jeff Case, NBA.com""},""categoryPrimary"":{""name"":""Top Stories"",""slug"":""top-stories""},""isBreaking"":false,""hero"":{""cta"":""READ"",""image"":""https://cdn.nba.com/manage/2025/12/harden-iso-120225-scaled.jpg"",""tabTitle"":""FEATURE"",""excerpt"":"""",""headline"":""10 stats milestones to watch for this month"",""hideText"":false,""relatedContent"":[{""id"":1922840,""permalink"":""https://www.nba.com/watch/video/james-harden-long-mix"",""title"":""Harden sets Clippers franchise record with 55 points"",""type"":""video""},{""id"":1884702,""permalink"":""https://www.nba.com/stats/leaders?StatCategory=PTS"",""title"":""NBA.com/Stats: Official scoring leaders this season"",""type"":""hyperlink""},{""id"":599767,""permalink"":""https://www.nba.com/news/history-all-time-records"",""title"":""NBA history: All-time leaders in every stat"",""type"":""post""}]}}]},""headlines"":{""total"":10,""count"":10,""items"":[{""id"":1936936,""type"":""post"",""name"":""live-updates-knicks-celtics-thunder-warriors-and-top-moments-of-action-packed-night-in-the-nba"",""title"":""Live Updates: Knicks-Celtics, Thunder-Warriors and top moments of action packed night in the NBA"",""status"":""publish"",""slug"":""live-updates-knicks-celtics-thunder-warriors-and-top-moments-of-action-packed-night-in-the-nba"",""permalink"":""https://www.nba.com/news/live-updates-knicks-celtics-thunder-warriors-and-top-moments-of-action-packed-night-in-the-nba"",""excerpt"":""Follow along with live updates around NBA action"",""timestamp"":1764733863000,""date"":""2025-12-02T23:46:49Z"",""modified"":""2025-12-03T03:51:03Z"",""featuredImage"":""https://cdn.nba.com/manage/2025/08/towns-brown-081325.jpg"",""category"":""Top Stories"",""taxonomy"":{""categories"":{""top-stories"":""Top Stories""},""tags"":{""live-blog"":""Live blog""},""games"":{""0022500322"":""MEM @ SAS (0022500322)"",""0022500320"":""NYK @ BOS (0022500320)"",""0022500323"":""OKC @ GSW (0022500323)"",""0022500318"":""WAS @ PHI (0022500318)""},""players"":{""201939"":""Stephen Curry"",""1628973"":""Jalen Brunson"",""1628983"":""Shai Gilgeous-Alexander""}},""useUpdatedDate"":true,""shortTitle"":""Live Updates: Knicks-Celtics, Thunder-Warriors"",""tentpoleType"":"""",""showSponsorship"":true,""showWebviewAdBanner"":false,""showWebviewGraphicBanner"":true,""authorHide"":false,""hasFlourishEmbed"":false,""hideFromPlatform"":false,""coverImageId"":"""",""coverImage"":"""",""seo"":{""title"":""Warriors-Magic, Jazz-Lakers: Live updates"",""description"":""Follow along with live updates around NBA action"",""focus_keyword"":""Knicks-Celtics, Thunder-Warriors, Steph Curry, Shai Gilgeous-Alexander, Jalen Brunson, Jaylen Brown"",""robots"":{""noindex"":false},""schema_type"":""liveblog"",""coverage_end_time"":""2025-12-03T02:00""},""wordCount"":2266,""author"":{""id"":27,""name"":""NBA.com Staff""},""categoryPrimary"":{""name"":""Top Stories"",""slug"":""top-stories""}},{""id"":1936595,""type"":""post"",""name"":""okc-thunder-pursuit-73-wins-2025-26"",""title"":""10 years after Warriors' record 73-9 run, OKC is on pace to rewrite history"",""status"":""publish"",""slug"":""okc-thunder-pursuit-73-wins-2025-26"",""permalink"":""https://www.nba.com/news/okc-thunder-pursuit-73-wins-2025-26"",""excerpt"":""A decade after Golden State made regular-season history, the Thunder find themselves well within range to usurp that mark."",""timestamp"":1764689725000,""date"":""2025-12-02T15:17:18Z"",""modified"":""2025-12-02T15:35:25Z"",""featuredImage"":""https://cdn.nba.com/manage/2025/12/thunder-bench.jpg"",""category"":""Top Stories"",""taxonomy"":{""categories"":{""top-stories"":""Top Stories""},""teams"":{""1610612760"":""Oklahoma City Thunder""},""players"":{""1627936"":""Alex Caruso"",""1628392"":""Isaiah Hartenstein"",""1628983"":""Shai Gilgeous-Alexander"",""1629652"":""Luguentz Dort"",""1630598"":""Aaron Wiggins"",""1631096"":""Chet Holmgren"",""1631114"":""Jalen Williams""}},""useUpdatedDate"":true,""shortTitle"":""Why OKC has shot at besting Warriors' 73-9 mark"",""tentpoleType"":"""",""showSponsorship"":true,""showWebviewAdBanner"":false,""showWebviewGraphicBanner"":true,""authorHide"":false,""hasFlourishEmbed"":false,""hideFromPlatform"":false,""coverImageId"":"""",""coverImage"":"""",""seo"":{""description"":""A decade after Golden State made regular-season history, the Thunder find themselves well within range to usurp that mark."",""focus_keyword"":""OKC Thunder 73 wins"",""robots"":{""noindex"":false},""schema_type"":""article""},""wordCount"":1366,""author"":{""id"":26,""name"":""Shaun Powell""},""categoryPrimary"":{""name"":""Top Stories"",""slug"":""top-stories""}},{""id"":1936860,""type"":""post"",""name"":""monthly-nba-awards-october-november-2025"",""title"":""Monthly NBA Awards: Nikola Jokić, Cade Cunningham win honors for October \u0026 November"",""status"":""publish"",""slug"":""monthly-nba-awards-october-november-2025"",""permalink"":""https://www.nba.com/news/monthly-nba-awards-october-november-2025"",""excerpt"":""See the Players, Rookies, Defensive Players and Coaches of the Month for games played in October and November."",""timestamp"":1764716349000,""date"":""2025-12-02T21:10:41Z"",""modified"":""2025-12-02T22:59:09Z"",""featuredImage"":""https://cdn.nba.com/manage/2025/12/G7MLEXdXkAAo4Ba.jpeg"",""category"":""Top Stories"",""taxonomy"":{""categories"":{""top-stories"":""Top Stories""},""teams"":{""1610612742"":""Dallas Mavericks"",""1610612743"":""Denver Nuggets"",""1610612760"":""Oklahoma City Thunder"",""1610612761"":""Toronto Raptors"",""1610612765"":""Detroit Pistons"",""1610612766"":""Charlotte Hornets""},""players"":{""1630567"":""Scottie Barnes"",""1641717"":""Cason Wallace"",""1642843"":""Cooper Flagg"",""1642851"":""Kon Knueppel""}},""useUpdatedDate"":true,""shortTitle"":""Jokić, Cunningham named Kia Players of Month"",""tentpoleType"":"""",""showSponsorship"":true,""showWebviewAdBanner"":false,""showWebviewGraphicBanner"":true,""authorHide"":false,""hasFlourishEmbed"":false,""hideFromPlatform"":false,""coverImageId"":"""",""coverImage"":"""",""seo"":{""description"":""See the Players, Rookies, Defensive Players and Coaches of the Month for games played in October and November."",""focus_keyword"":""NBA awards October November 2025"",""robots"":{""noindex"":false},""schema_type"":""article""},""wordCount"":526,""author"":{""id"":27,""name"":""NBA.com Staff""},""categoryPrimary"":{""name"":""Top Stories"",""slug"":""top-stories""}},{""id"":1935668,""type"":""post"",""name"":""nba-storylines-decembers-strength-of-schedule-rankings"",""title"":""NBA Storylines: December's strength of schedule rankings"",""status"":""publish"",""slug"":""nba-storylines-decembers-strength-of-schedule-rankings"",""permalink"":""https://www.nba.com/news/nba-storylines-decembers-strength-of-schedule-rankings"",""excerpt"":""Breaking down the strength of every team's upcoming schedule in December."",""timestamp"":1764725605000,""date"":""2025-12-02T14:05:10Z"",""modified"":""2025-12-03T01:33:25Z"",""featuredImage"":""https://cdn.nba.com/manage/2025/12/harden2.jpg"",""category"":""news (archive),Top Stories"",""taxonomy"":{""categories"":{""news"":""news (archive)"",""top-stories"":""Top Stories""},""teams"":{""1610612737"":""Atlanta Hawks"",""1610612738"":""Boston Celtics"",""1610612739"":""Cleveland Cavaliers"",""1610612740"":""New Orleans Pelicans"",""1610612741"":""Chicago Bulls"",""1610612742"":""Dallas Mavericks"",""1610612743"":""Denver Nuggets"",""1610612744"":""Golden State Warriors"",""1610612745"":""Houston Rockets"",""1610612746"":""LA Clippers"",""1610612747"":""Los Angeles Lakers"",""1610612748"":""Miami Heat"",""1610612749"":""Milwaukee Bucks"",""1610612750"":""Minnesota Timberwolves"",""1610612751"":""Brooklyn Nets"",""1610612752"":""New York Knicks"",""1610612753"":""Orlando Magic"",""1610612754"":""Indiana Pacers"",""1610612755"":""Philadelphia 76ers"",""1610612756"":""Phoenix Suns"",""1610612757"":""Portland Trail Blazers"",""1610612758"":""Sacramento Kings"",""1610612759"":""San Antonio Spurs"",""1610612760"":""Oklahoma City Thunder"",""1610612761"":""Toronto Raptors"",""1610612762"":""Utah Jazz"",""1610612763"":""Memphis Grizzlies"",""1610612764"":""Washington Wizards"",""1610612765"":""Detroit Pistons"",""1610612766"":""Charlotte Hornets""}},""useUpdatedDate"":true,""shortTitle"":""Easiest \u0026 toughest schedules in December"",""tentpoleType"":"""",""showSponsorship"":true,""showWebviewAdBanner"":false,""showWebviewGraphicBanner"":true,""authorHide"":false,""hasFlourishEmbed"":false,""hideFromPlatform"":false,""coverImageId"":"""",""coverImage"":"""",""seo"":{""focus_keyword"":""December schedule"",""robots"":{""noindex"":false},""schema_type"":""article""},""wordCount"":1782,""author"":{""id"":22,""name"":""John Schuhmann""},""categoryPrimary"":{""name"":""Top Stories"",""slug"":""top-stories""}},{""id"":1936938,""type"":""post"",""name"":""zion-williamson-adductor-strain"",""title"":""Pelicans' Zion Williamson (adductor strain) out indefinitely"",""status"":""publish"",""slug"":""zion-williamson-adductor-strain"",""permalink"":""https://www.nba.com/news/zion-williamson-adductor-strain"",""excerpt"":""Zion Williamson, the No. 1 overall in the 2019 Draft, has missed 12 of the Pelicans’ 22 games this season."",""timestamp"":1764723183000,""date"":""2025-12-03T00:53:03Z"",""modified"":""2025-12-03T01:32:41Z"",""featuredImage"":""https://cdn.nba.com/manage/2025/11/zion-iso-110425.jpg"",""category"":""Top Stories"",""taxonomy"":{""categories"":{""top-stories"":""Top Stories""},""teams"":{""1610612740"":""New Orleans Pelicans""},""players"":{""1629627"":""Zion Williamson""}},""useUpdatedDate"":false,""shortTitle"":""Pels' Williamson (adductor) out indefinitely"",""tentpoleType"":"""",""showSponsorship"":true,""showWebviewAdBanner"":false,""showWebviewGraphicBanner"":true,""authorHide"":false,""hasFlourishEmbed"":false,""hideFromPlatform"":false,""coverImageId"":"""",""coverImage"":"""",""seo"":{""description"":""Zion Williamson, the No. 1 overall in the 2019 Draft, has missed 12 of the Pelicans’ 22 games this season."",""focus_keyword"":""Zion Williamson injury"",""robots"":{""noindex"":false},""schema_type"":""article""},""wordCount"":280,""author"":{""id"":37,""name"":""The Associated Press""},""categoryPrimary"":{""name"":""Top Stories"",""slug"":""top-stories""}},{""id"":1936957,""type"":""post"",""name"":""danilo-gallinari-retires-nba"",""title"":""NBA veteran Danilo Gallinari officially announces retirement"",""status"":""publish"",""slug"":""danilo-gallinari-retires-nba"",""permalink"":""https://www.nba.com/news/danilo-gallinari-retires-nba"",""excerpt"":""Danilo Gallinari, the No. 6 pick in the 2008 Draft, retires with the most points ever for an NBA player from Italy."",""timestamp"":1764720029000,""date"":""2025-12-03T00:00:29Z"",""modified"":""2025-12-03T01:00:45Z"",""featuredImage"":""https://cdn.nba.com/manage/2025/12/GettyImages-2128604403.jpg"",""category"":""Top Stories"",""taxonomy"":{""categories"":{""top-stories"":""Top Stories""}},""useUpdatedDate"":false,""shortTitle"":""Veteran forward Gallinari retires from NBA"",""tentpoleType"":"""",""showSponsorship"":true,""showWebviewAdBanner"":false,""showWebviewGraphicBanner"":true,""authorHide"":false,""hasFlourishEmbed"":false,""hideFromPlatform"":false,""coverImageId"":"""",""coverImage"":"""",""seo"":{""description"":""Gallinari, the No. 6 pick in the 2008 Draft, retires with the most points ever for an NBA player from Italy."",""focus_keyword"":""Danilo Gallinari retires"",""robots"":{""noindex"":false},""schema_type"":""article""},""wordCount"":216,""author"":{""id"":349,""name"":""From NBA.com News Services""},""categoryPrimary"":{""name"":""Top Stories"",""slug"":""top-stories""}},{""id"":1925462,""type"":""post"",""name"":""power-rankings-2025-26-week-7"",""title"":""Power Rankings Week 7: Quartet of teams rising in Top 10"",""status"":""publish"",""slug"":""power-rankings-2025-26-week-7"",""permalink"":""https://www.nba.com/news/power-rankings-2025-26-week-7"",""excerpt"":""The Lakers, Knicks, Magic and Wolves are surging at the season's quarter point while the Top 3 remains unchanged."",""timestamp"":1764618863000,""date"":""2025-12-01T14:58:16Z"",""modified"":""2025-12-01T19:54:23Z"",""featuredImage"":""https://cdn.nba.com/manage/2025/12/luka-reaves.jpg"",""category"":""Power Rankings,Top Stories"",""taxonomy"":{""categories"":{""power-rankings"":""Power Rankings"",""top-stories"":""Top Stories""},""teams"":{""1610612737"":""Atlanta Hawks"",""1610612738"":""Boston Celtics"",""1610612739"":""Cleveland Cavaliers"",""1610612740"":""New Orleans Pelicans"",""1610612741"":""Chicago Bulls"",""1610612742"":""Dallas Mavericks"",""1610612743"":""Denver Nuggets"",""1610612744"":""Golden State Warriors"",""1610612745"":""Houston Rockets"",""1610612746"":""LA Clippers"",""1610612747"":""Los Angeles Lakers"",""1610612748"":""Miami Heat"",""1610612749"":""Milwaukee Bucks"",""1610612750"":""Minnesota Timberwolves"",""1610612751"":""Brooklyn Nets"",""1610612752"":""New York Knicks"",""1610612753"":""Orlando Magic"",""1610612754"":""Indiana Pacers"",""1610612755"":""Philadelphia 76ers"",""1610612756"":""Phoenix Suns"",""1610612757"":""Portland Trail Blazers"",""1610612758"":""Sacramento Kings"",""1610612759"":""San Antonio Spurs"",""1610612760"":""Oklahoma City Thunder"",""1610612761"":""Toronto Raptors"",""1610612762"":""Utah Jazz"",""1610612763"":""Memphis Grizzlies"",""1610612764"":""Washington Wizards"",""1610612765"":""Detroit Pistons"",""1610612766"":""Charlotte Hornets""}},""useUpdatedDate"":true,""shortTitle"":""Power Rankings: 4 teams on rise in Top 10"",""tentpoleType"":"""",""showSponsorship"":true,""showWebviewAdBanner"":false,""showWebviewGraphicBanner"":true,""authorHide"":false,""hasFlourishEmbed"":false,""hideFromPlatform"":false,""coverImageId"":"""",""coverImage"":"""",""seo"":{""description"":""The Lakers, Knicks, Magic and Wolves are surging at the season's quarter point while the Top 3 remains unchanged."",""focus_keyword"":""Power Rankings"",""robots"":{""noindex"":false},""schema_type"":""article""},""wordCount"":564,""author"":{""id"":22,""name"":""John Schuhmann""},""categoryPrimary"":{""name"":""Power Rankings"",""slug"":""power-rankings""}},{""id"":1935226,""type"":""post"",""name"":""nba-players-week-luka-doncic-jalen-brunson"",""title"":""Luka Dončić, Jalen Brunson named NBA Players of the Week"",""status"":""publish"",""slug"":""nba-players-week-luka-doncic-jalen-brunson"",""permalink"":""https://www.nba.com/news/nba-players-week-luka-doncic-jalen-brunson"",""excerpt"":""The star guards in Los Angeles and New York take home the honors for Week 6."",""timestamp"":1764623488000,""date"":""2025-12-01T21:11:28Z"",""modified"":""2025-12-01T21:11:28Z"",""featuredImage"":""https://cdn.nba.com/manage/2025/12/G7HC5eKX0AAi4k0.jpeg"",""category"":""Players of the Week,Top Stories"",""taxonomy"":{""categories"":{""players-of-the-week"":""Players of the Week"",""top-stories"":""Top Stories""},""teams"":{""1610612747"":""Los Angeles Lakers"",""1610612752"":""New York Knicks""},""players"":{""1628973"":""Jalen Brunson"",""1629029"":""Luka Doncic""}},""useUpdatedDate"":false,""shortTitle"":""Dončić, Brunson named Players of the Week"",""tentpoleType"":"""",""showSponsorship"":true,""showWebviewAdBanner"":false,""showWebviewGraphicBanner"":true,""authorHide"":false,""hasFlourishEmbed"":false,""hideFromPlatform"":false,""coverImageId"":"""",""coverImage"":"""",""seo"":{""description"":""The star guards in Los Angeles and New York take home the honors for Week 6."",""focus_keyword"":""NBA players of the week"",""robots"":{""noindex"":false},""schema_type"":""article""},""wordCount"":100,""author"":{""id"":27,""name"":""NBA.com Staff""},""categoryPrimary"":{""name"":""Players of the Week"",""slug"":""players-of-the-week""}},{""id"":1914015,""type"":""post"",""name"":""nba-stats-milestone-watch-december-2025"",""title"":""10 stats milestones to watch for in December"",""status"":""publish"",""slug"":""nba-stats-milestone-watch-december-2025"",""permalink"":""https://www.nba.com/news/nba-stats-milestone-watch-december-2025"",""excerpt"":""As the last month of 2025 begins, these statistical milestones could be within reach."",""timestamp"":1764729859000,""date"":""2025-12-01T16:10:54Z"",""modified"":""2025-12-03T02:44:19Z"",""featuredImage"":""https://cdn.nba.com/manage/2025/10/GettyImages-2242113481.jpg"",""category"":""Top Stories"",""taxonomy"":{""categories"":{""top-stories"":""Top Stories""},""teams"":{""1610612737"":""Atlanta Hawks"",""1610612738"":""Boston Celtics"",""1610612739"":""Cleveland Cavaliers"",""1610612740"":""New Orleans Pelicans"",""1610612741"":""Chicago Bulls"",""1610612742"":""Dallas Mavericks"",""1610612743"":""Denver Nuggets"",""1610612744"":""Golden State Warriors"",""1610612745"":""Houston Rockets"",""1610612746"":""LA Clippers"",""1610612747"":""Los Angeles Lakers"",""1610612748"":""Miami Heat"",""1610612749"":""Milwaukee Bucks"",""1610612750"":""Minnesota Timberwolves"",""1610612751"":""Brooklyn Nets"",""1610612752"":""New York Knicks"",""1610612753"":""Orlando Magic"",""1610612754"":""Indiana Pacers"",""1610612755"":""Philadelphia 76ers"",""1610612756"":""Phoenix Suns"",""1610612757"":""Portland Trail Blazers"",""1610612758"":""Sacramento Kings"",""1610612759"":""San Antonio Spurs"",""1610612760"":""Oklahoma City Thunder"",""1610612761"":""Toronto Raptors"",""1610612762"":""Utah Jazz"",""1610612763"":""Memphis Grizzlies"",""1610612764"":""Washington Wizards"",""1610612765"":""Detroit Pistons"",""1610612766"":""Charlotte Hornets""}},""useUpdatedDate"":true,""shortTitle"":""10 stats milestones to watch for in Dec."",""tentpoleType"":"""",""showSponsorship"":true,""showWebviewAdBanner"":false,""showWebviewGraphicBanner"":true,""authorHide"":false,""hasFlourishEmbed"":false,""hideFromPlatform"":false,""coverImageId"":"""",""coverImage"":"""",""seo"":{""description"":""As the last month of 2025 begins, these statistical milestones could be within reach."",""focus_keyword"":""NBA stats milestones december"",""robots"":{""noindex"":false},""schema_type"":""article""},""wordCount"":1713,""author"":{""id"":99,""name"":""Jeff Case, NBA.com""},""categoryPrimary"":{""name"":""Top Stories"",""slug"":""top-stories""}},{""id"":1389525,""type"":""post"",""name"":""emirates-nba-cup-key-dates-schedule"",""title"":""Emirates NBA Cup: Key dates \u0026 schedule; Knockout Rounds played Dec. 9-10"",""status"":""publish"",""slug"":""emirates-nba-cup-key-dates-schedule"",""permalink"":""https://www.nba.com/news/emirates-nba-cup-key-dates-schedule"",""excerpt"":""The Heat, Knicks, Lakers, Magic, Raptors, Spurs, Suns and Thunder will compete in the Knockout Rounds."",""timestamp"":1764597805000,""date"":""2025-07-08T19:48:48Z"",""modified"":""2025-12-01T14:03:25Z"",""featuredImage"":""https://cdn.nba.com/manage/2025/07/UPDATED_BRACKET-11-28-29-16x9-Thumbnail.jpg"",""category"":""Emirates NBA Cup 2025"",""taxonomy"":{""categories"":{""emirates-nba-cup-2025"":""Emirates NBA Cup 2025""}},""useUpdatedDate"":true,""shortTitle"":""Emirates NBA Cup: Knockout Rounds schedule"",""tentpoleType"":"""",""showSponsorship"":true,""showWebviewAdBanner"":false,""showWebviewGraphicBanner"":true,""authorHide"":false,""hasFlourishEmbed"":false,""hideFromPlatform"":false,""coverImageId"":"""",""coverImage"":"""",""seo"":{""description"":""Oct. 31 - Group Play begins\r\nNov. 28 - Group Play concludes\r\nDec. 13 - Semifinals (Las Vegas, NV)\r\nDec. 16 - Championship (Las Vegas, NV)"",""focus_keyword"":""NBA Cup schedule"",""estimated_reading_time_minutes"":""4"",""robots"":{""noindex"":false},""schema_type"":""article""},""wordCount"":420,""author"":{""id"":20,""name"":""Official release""},""categoryPrimary"":{""name"":""Emirates NBA Cup 2025"",""slug"":""emirates-nba-cup-2025""}}]},""mainFeed"":[{""id"":1,""type"":""content_carousel"",""title"":""TRENDING NOW"",""value"":{""limit"":12,""curation"":""collection"",""isPremium"":false,""isPersonalized"":false,""slug"":""top-trending-videos"",""permalink"":""https://www.nba.com/watch/list/collection/top-trending-videos"",""content"":[{""id"":1936936,""type"":""post"",""name"":""live-updates-knicks-celtics-thunder-warriors-and-top-moments-of-action-packed-night-in-the-nba"",""title"":""Live Updates: Knicks-Celtics, Thunder-Warriors and top moments of action packed night in the NBA"",""status"":""publish"",""slug"":""live-updates-knicks-celtics-thunder-warriors-and-top-moments-of-action-packed-night-in-the-nba"",""permalink"":""https://www.nba.com/news/live-updates-knicks-celtics-thunder-warriors-and-top-moments-of-action-packed-night-in-the-nba"",""excerpt"":""Follow along with live updates around NBA action"",""timestamp"":1764733863000,""date"":""2025-12-02T23:46:49Z"",""modified"":""2025-12-03T03:51:03Z"",""featuredImage"":""https://cdn.nba.com/manage/2025/08/towns-brown-081325.jpg"",""category"":""Top Stories"",""taxonomy"":{""categories"":{""top-stories"":""Top Stories""},""tags"":{""live-blog"":""Live blog""},""games"":{""0022500322"":""MEM @ SAS (0022500322)"",""0022500320"":""NYK @ BOS (0022500320)"",""0022500323"":""OKC @ GSW (0022500323)"",""0022500318"":""WAS @ PHI (0022500318)""},""players"":{""201939"":""Stephen Curry"",""1628973"":""Jalen Brunson"",""1628983"":""Shai Gilgeous-Alexander""}},""useUpdatedDate"":true,""shortTitle"":""Live Updates: Knicks-Celtics, Thunder-Warriors"",""tentpoleType"":"""",""showSponsorship"":true,""showWebviewAdBanner"":false,""showWebviewGraphicBanner"":true,""authorHide"":false,""hasFlourishEmbed"":false,""hideFromPlatform"":false,""coverImageId"":"""",""coverImage"":"""",""seo"":{""coverage_end_time"":""2025-12-03T02:00"",""description"":""Follow along with live updates around NBA action"",""robots"":{""noindex"":false},""title"":""Warriors-Magic, Jazz-Lakers: Live updates"",""focus_keyword"":""Knicks-Celtics, Thunder-Warriors, Steph Curry, Shai Gilgeous-Alexander, Jalen Brunson, Jaylen Brown"",""schema_type"":""liveblog""},""wordCount"":2266,""author"":{""id"":27,""name"":""NBA.com Staff""},""categoryPrimary"":{""name"":""Top Stories"",""slug"":""top-stories""}},{""id"":1936938,""type"":""post"",""name"":""zion-williamson-adductor-strain"",""title"":""Pelicans' Zion Williamson (adductor strain) out indefinitely"",""status"":""publish"",""slug"":""zion-williamson-adductor-strain"",""permalink"":""https://www.nba.com/news/zion-williamson-adductor-strain"",""excerpt"":""Zion Williamson, the No. 1 overall in the 2019 Draft, has missed 12 of the Pelicans’ 22 games this season."",""timestamp"":1764723183000,""date"":""2025-12-03T00:53:03Z"",""modified"":""2025-12-03T01:32:41Z"",""featuredImage"":""https://cdn.nba.com/manage/2025/11/zion-iso-110425.jpg"",""category"":""Top Stories"",""taxonomy"":{""categories"":{""top-stories"":""Top Stories""},""teams"":{""1610612740"":""New Orleans Pelicans""},""players"":{""1629627"":""Zion Williamson""}},""useUpdatedDate"":false,""shortTitle"":""Pels' Williamson (adductor) out indefinitely"",""tentpoleType"":"""",""showSponsorship"":true,""showWebviewAdBanner"":false,""showWebviewGraphicBanner"":true,""authorHide"":false,""hasFlourishEmbed"":false,""hideFromPlatform"":false,""coverImageId"":"""",""coverImage"":"""",""seo"":{""description"":""Zion Williamson, the No. 1 overall in the 2019 Draft, has missed 12 of the Pelicans’ 22 games this season."",""robots"":{""noindex"":false},""focus_keyword"":""Zion Williamson injury"",""schema_type"":""article""},""wordCount"":280,""author"":{""id"":37,""name"":""The Associated Press""},""categoryPrimary"":{""name"":""Top Stories"",""slug"":""top-stories""}},{""id"":1936957,""type"":""post"",""name"":""danilo-gallinari-retires-nba"",""title"":""NBA veteran Danilo Gallinari officially announces retirement"",""status"":""publish"",""slug"":""danilo-gallinari-retires-nba"",""permalink"":""https://www.nba.com/news/danilo-gallinari-retires-nba"",""excerpt"":""Danilo Gallinari, the No. 6 pick in the 2008 Draft, retires with the most points ever for an NBA player from Italy."",""timestamp"":1764720029000,""date"":""2025-12-03T00:00:29Z"",""modified"":""2025-12-03T01:00:45Z"",""featuredImage"":""https://cdn.nba.com/manage/2025/12/GettyImages-2128604403.jpg"",""category"":""Top Stories"",""taxonomy"":{""categories"":{""top-stories"":""Top Stories""}},""useUpdatedDate"":false,""shortTitle"":""Veteran forward Gallinari retires from NBA"",""tentpoleType"":"""",""showSponsorship"":true,""showWebviewAdBanner"":false,""showWebviewGraphicBanner"":true,""authorHide"":false,""hasFlourishEmbed"":false,""hideFromPlatform"":false,""coverImageId"":"""",""coverImage"":"""",""seo"":{""description"":""Gallinari, the No. 6 pick in the 2008 Draft, retires with the most points ever for an NBA player from Italy."",""robots"":{""noindex"":false},""focus_keyword"":""Danilo Gallinari retires"",""schema_type"":""article""},""wordCount"":216,""author"":{""id"":349,""name"":""From NBA.com News Services""},""categoryPrimary"":{""name"":""Top Stories"",""slug"":""top-stories""}},{""id"":1937068,""type"":""video"",""name"":""nba-showtime-sga-playing-even-better-than-last-season"",""title"":""NBA Showtime: SGA playing even better than last season?"",""status"":""publish"",""slug"":""nba-showtime-sga-playing-even-better-than-last-season"",""permalink"":""https://www.nba.com/watch/video/nba-showtime-sga-playing-even-better-than-last-season?plsrc=nba\u0026collection=top-trending-videos"",""excerpt"":""The NBA Showtime crew sounds off on SGA's impressive start to the season."",""timestamp"":1764722759000,""date"":""2025-12-03T00:45:59Z"",""modified"":""2025-12-03T00:59:02Z"",""featuredImage"":""https://cdn.nba.com/manage/2025/11/sga1-3.jpg"",""category"":"""",""coverImage"":"""",""coverImageId"":"""",""shortTitle"":""SGA playing even better than last season?"",""description"":"""",""expirationDate"":"""",""hideFromPlatform"":"""",""videoCreationSource"":""wsc-feed"",""entitlements"":""free"",""videoName"":""NBA_Showtime_SGA_playing_even_better_than_last_season_2025_12_03T00_45_59.mp4"",""videoDuration"":""02:41"",""videoDurationSeconds"":161,""duration"":"""",""mediaKindAssetId"":""CFDCC1D03CC95EE942ED4C763A9536D86825046F"",""mediakindExternalProgramId"":""fake_CFDCC1D03CC95EE942ED4C763A9536D86825046F_NBA_movie"",""mediaKindOperationStatus"":""succeeded"",""videoIviCaid"":""nba-manage-prod-1-1937068"",""videoIviCType"":""nbaVod"",""branchUrl"":""https://nba.smart.link/2e64ifwhb?videoid=1937068"",""seo"":{},""videoAssets"":{},""attributes"":{},""leagueId"":"""",""leagueFullName"":"""",""league"":"""",""languages"":[{""code"":""en_us"",""displayName"":""English""}],""taxonomy"":{""tags"":{""playbyplay"":""PlayByPlay""},""teams"":{""1610612760"":""Oklahoma City Thunder""},""players"":{""1628983"":""Shai Gilgeous-Alexander""},""videoFranchises"":{""analysis"":""Analysis""},""videoFranchisesName"":{""nbc-peacock-segments"":""NBC Peacock Segments""},""videoCategories"":{""tv-analysis-interpretation"":""TV Analysis \u0026amp; Interpretation""},""videoTypes"":{""features"":""Features""},""videoNumPlays"":0},""author"":{""id"":298,""name"":""Pierce Quinn""},""categoryPrimary"":{""name"":"""",""slug"":""""}},{""id"":1936595,""type"":""post"",""name"":""okc-thunder-pursuit-73-wins-2025-26"",""title"":""10 years after Warriors' record 73-9 run, OKC is on pace to rewrite history"",""status"":""publish"",""slug"":""okc-thunder-pursuit-73-wins-2025-26"",""permalink"":""https://www.nba.com/news/okc-thunder-pursuit-73-wins-2025-26"",""excerpt"":""A decade after Golden State made regular-season history, the Thunder find themselves well within range to usurp that mark."",""timestamp"":1764689725000,""date"":""2025-12-02T15:17:18Z"",""modified"":""2025-12-02T15:35:25Z"",""featuredImage"":""https://cdn.nba.com/manage/2025/12/thunder-bench.jpg"",""category"":""Top Stories"",""taxonomy"":{""categories"":{""top-stories"":""Top Stories""},""teams"":{""1610612760"":""Oklahoma City Thunder""},""players"":{""1627936"":""Alex Caruso"",""1628392"":""Isaiah Hartenstein"",""1628983"":""Shai Gilgeous-Alexander"",""1629652"":""Luguentz Dort"",""1630598"":""Aaron Wiggins"",""1631096"":""Chet Holmgren"",""1631114"":""Jalen Williams""}},""useUpdatedDate"":true,""shortTitle"":""Why OKC has shot at besting Warriors' 73-9 mark"",""tentpoleType"":"""",""showSponsorship"":true,""showWebviewAdBanner"":false,""showWebviewGraphicBanner"":true,""authorHide"":false,""hasFlourishEmbed"":false,""hideFromPlatform"":false,""coverImageId"":"""",""coverImage"":"""",""seo"":{""description"":""A decade after Golden State made regular-season history, the Thunder find themselves well within range to usurp that mark."",""robots"":{""noindex"":false},""focus_keyword"":""OKC Thunder 73 wins"",""schema_type"":""article""},""wordCount"":1366,""author"":{""id"":26,""name"":""Shaun Powell""},""categoryPrimary"":{""name"":""Top Stories"",""slug"":""top-stories""}},{""id"":1935668,""type"":""post"",""name"":""nba-storylines-decembers-strength-of-schedule-rankings"",""title"":""NBA Storylines: December's strength of schedule rankings"",""status"":""publish"",""slug"":""nba-storylines-decembers-strength-of-schedule-rankings"",""permalink"":""https://www.nba.com/news/nba-storylines-decembers-strength-of-schedule-rankings"",""excerpt"":""Breaking down the strength of every team's upcoming schedule in December."",""timestamp"":1764725605000,""date"":""2025-12-02T14:05:10Z"",""modified"":""2025-12-03T01:33:25Z"",""featuredImage"":""https://cdn.nba.com/manage/2025/12/harden2.jpg"",""category"":""news (archive),Top Stories"",""taxonomy"":{""categories"":{""news"":""news (archive)"",""top-stories"":""Top Stories""},""teams"":{""1610612737"":""Atlanta Hawks"",""1610612738"":""Boston Celtics"",""1610612739"":""Cleveland Cavaliers"",""1610612740"":""New Orleans Pelicans"",""1610612741"":""Chicago Bulls"",""1610612742"":""Dallas Mavericks"",""1610612743"":""Denver Nuggets"",""1610612744"":""Golden State Warriors"",""1610612745"":""Houston Rockets"",""1610612746"":""LA Clippers"",""1610612747"":""Los Angeles Lakers"",""1610612748"":""Miami Heat"",""1610612749"":""Milwaukee Bucks"",""1610612750"":""Minnesota Timberwolves"",""1610612751"":""Brooklyn Nets"",""1610612752"":""New York Knicks"",""1610612753"":""Orlando Magic"",""1610612754"":""Indiana Pacers"",""1610612755"":""Philadelphia 76ers"",""1610612756"":""Phoenix Suns"",""1610612757"":""Portland Trail Blazers"",""1610612758"":""Sacramento Kings"",""1610612759"":""San Antonio Spurs"",""1610612760"":""Oklahoma City Thunder"",""1610612761"":""Toronto Raptors"",""1610612762"":""Utah Jazz"",""1610612763"":""Memphis Grizzlies"",""1610612764"":""Washington Wizards"",""1610612765"":""Detroit Pistons"",""1610612766"":""Charlotte Hornets""}},""useUpdatedDate"":true,""shortTitle"":""Easiest \u0026 toughest schedules in December"",""tentpoleType"":"""",""showSponsorship"":true,""showWebviewAdBanner"":false,""showWebviewGraphicBanner"":true,""authorHide"":false,""hasFlourishEmbed"":false,""hideFromPlatform"":false,""coverImageId"":"""",""coverImage"":"""",""seo"":{""robots"":{""noindex"":false},""focus_keyword"":""December schedule"",""schema_type"":""article""},""wordCount"":1782,""author"":{""id"":22,""name"":""John Schuhmann""},""categoryPrimary"":{""name"":""Top Stories"",""slug"":""top-stories""}},{""id"":1936161,""type"":""video"",""name"":""highlights-from-anthony-davis-32-point-game"",""title"":""Anthony Davis with 32 points \u0026 13 rebounds in Mavericks win"",""status"":""publish"",""slug"":""highlights-from-anthony-davis-32-point-game"",""permalink"":""https://www.nba.com/watch/video/highlights-from-anthony-davis-32-point-game?plsrc=nba\u0026collection=top-trending-videos"",""excerpt"":""Anthony Davis finishes with 32 points \u0026 13 rebounds in the Mavericks win over the Nuggets."",""timestamp"":1764649558000,""date"":""2025-12-02T04:25:58Z"",""modified"":""2025-12-02T06:59:18Z"",""featuredImage"":""https://cdn.nba.com/manage/2025/12/Anthony_Davis_1920x1080.jpg"",""category"":"""",""coverImage"":"""",""coverImageId"":"""",""shortTitle"":""AD with 32 points \u0026 13 rebounds in Mavericks win"",""description"":"""",""expirationDate"":"""",""hideFromPlatform"":"""",""videoCreationSource"":""wsc-feed"",""entitlements"":""free"",""videoName"":""Highlights_From_Anthony_Davis_32_Point_Game_2025_12_02T04_25_58.mp4"",""videoDuration"":""02:01"",""videoDurationSeconds"":121,""duration"":"""",""mediaKindAssetId"":""DDAF14A7E11B5974E42C981A0FB06893B9CD583D"",""mediakindExternalProgramId"":""fake_DDAF14A7E11B5974E42C981A0FB06893B9CD583D_NBA_movie"",""mediaKindOperationStatus"":""succeeded"",""videoIviCaid"":""nba-manage-prod-1-1936161"",""videoIviCType"":""nbaVod"",""branchUrl"":""https://nba.smart.link/2e64ifwhb?videoid=1936161"",""seo"":{},""videoAssets"":{},""attributes"":{},""leagueId"":"""",""leagueFullName"":"""",""league"":"""",""languages"":[{""code"":""en_us"",""displayName"":""English""}],""taxonomy"":{""tags"":{""2-pointer"":""2-pointer"",""3-pointer"":""3-pointer"",""cutting"":""Cutting"",""driving-running"":""Driving/Running"",""dunk"":""Dunk"",""fastbreak"":""FastBreak"",""hook"":""Hook"",""jump"":""Jump"",""layup"":""Layup"",""playbyplay"":""PlayByPlay"",""pullup"":""Pullup"",""stepback"":""StepBack"",""tip-putback"":""Tip/Putback""},""games"":{""0022500315"":""DAL @ DEN (0022500315)""},""teams"":{""1610612742"":""Dallas Mavericks"",""1610612743"":""Denver Nuggets""},""players"":{""203076"":""Anthony Davis""},""videoFranchises"":{""player-performances"":""Player Performances""},""videoFranchisesName"":{""wsc-player-performances"":""WSC Player Performances""},""videoCategories"":{""compilation"":""Compilation""},""videoTypes"":{""highlights"":""Highlights""},""videoPlayTypes"":{""cutting"":""Cutting"",""driving-running"":""Driving/Running"",""dunk"":""Dunk"",""fast-break"":""Fast Break"",""hook"":""Hook"",""layup"":""Layup"",""pull-up"":""Pull-Up"",""threepoint"":""Threepoint"",""tip-putback"":""Tip/Putback"",""two-point-jumper"":""Two Point Jumper""},""videoNumPlays"":0},""author"":{""id"":298,""name"":""Pierce Quinn""},""categoryPrimary"":{""name"":"""",""slug"":""""}},{""id"":1935226,""type"":""post"",""name"":""nba-players-week-luka-doncic-jalen-brunson"",""title"":""Luka Dončić, Jalen Brunson named NBA Players of the Week"",""status"":""publish"",""slug"":""nba-players-week-luka-doncic-jalen-brunson"",""permalink"":""https://www.nba.com/news/nba-players-week-luka-doncic-jalen-brunson"",""excerpt"":""The star guards in Los Angeles and New York take home the honors for Week 6."",""timestamp"":1764623488000,""date"":""2025-12-01T21:11:28Z"",""modified"":""2025-12-01T21:11:28Z"",""featuredImage"":""https://cdn.nba.com/manage/2025/12/G7HC5eKX0AAi4k0.jpeg"",""category"":""Players of the Week,Top Stories"",""taxonomy"":{""categories"":{""players-of-the-week"":""Players of the Week"",""top-stories"":""Top Stories""},""teams"":{""1610612747"":""Los Angeles Lakers"",""1610612752"":""New York Knicks""},""players"":{""1628973"":""Jalen Brunson"",""1629029"":""Luka Doncic""}},""useUpdatedDate"":false,""shortTitle"":""Dončić, Brunson named Players of the Week"",""tentpoleType"":"""",""showSponsorship"":true,""showWebviewAdBanner"":false,""showWebviewGraphicBanner"":true,""authorHide"":false,""hasFlourishEmbed"":false,""hideFromPlatform"":false,""coverImageId"":"""",""coverImage"":"""",""seo"":{""description"":""The star guards in Los Angeles and New York take home the honors for Week 6."",""robots"":{""noindex"":false},""focus_keyword"":""NBA players of the week"",""schema_type"":""article""},""wordCount"":100,""author"":{""id"":27,""name"":""NBA.com Staff""},""categoryPrimary"":{""name"":""Players of the Week"",""slug"":""players-of-the-week""}},{""id"":1925462,""type"":""post"",""name"":""power-rankings-2025-26-week-7"",""title"":""Power Rankings Week 7: Quartet of teams rising in Top 10"",""status"":""publish"",""slug"":""power-rankings-2025-26-week-7"",""permalink"":""https://www.nba.com/news/power-rankings-2025-26-week-7"",""excerpt"":""The Lakers, Knicks, Magic and Wolves are surging at the season's quarter point while the Top 3 remains unchanged."",""timestamp"":1764618863000,""date"":""2025-12-01T14:58:16Z"",""modified"":""2025-12-01T19:54:23Z"",""featuredImage"":""https://cdn.nba.com/manage/2025/12/luka-reaves.jpg"",""category"":""Power Rankings,Top Stories"",""taxonomy"":{""categories"":{""power-rankings"":""Power Rankings"",""top-stories"":""Top Stories""},""teams"":{""1610612737"":""Atlanta Hawks"",""1610612738"":""Boston Celtics"",""1610612739"":""Cleveland Cavaliers"",""1610612740"":""New Orleans Pelicans"",""1610612741"":""Chicago Bulls"",""1610612742"":""Dallas Mavericks"",""1610612743"":""Denver Nuggets"",""1610612744"":""Golden State Warriors"",""1610612745"":""Houston Rockets"",""1610612746"":""LA Clippers"",""1610612747"":""Los Angeles Lakers"",""1610612748"":""Miami Heat"",""1610612749"":""Milwaukee Bucks"",""1610612750"":""Minnesota Timberwolves"",""1610612751"":""Brooklyn Nets"",""1610612752"":""New York Knicks"",""1610612753"":""Orlando Magic"",""1610612754"":""Indiana Pacers"",""1610612755"":""Philadelphia 76ers"",""1610612756"":""Phoenix Suns"",""1610612757"":""Portland Trail Blazers"",""1610612758"":""Sacramento Kings"",""1610612759"":""San Antonio Spurs"",""1610612760"":""Oklahoma City Thunder"",""1610612761"":""Toronto Raptors"",""1610612762"":""Utah Jazz"",""1610612763"":""Memphis Grizzlies"",""1610612764"":""Washington Wizards"",""1610612765"":""Detroit Pistons"",""1610612766"":""Charlotte Hornets""}},""useUpdatedDate"":true,""shortTitle"":""Power Rankings: 4 teams on rise in Top 10"",""tentpoleType"":"""",""showSponsorship"":true,""showWebviewAdBanner"":false,""showWebviewGraphicBanner"":true,""authorHide"":false,""hasFlourishEmbed"":false,""hideFromPlatform"":false,""coverImageId"":"""",""coverImage"":"""",""seo"":{""description"":""The Lakers, Knicks, Magic and Wolves are surging at the season's quarter point while the Top 3 remains unchanged."",""robots"":{""noindex"":false},""focus_keyword"":""Power Rankings"",""schema_type"":""article""},""wordCount"":564,""author"":{""id"":22,""name"":""John Schuhmann""},""categoryPrimary"":{""name"":""Power Rankings"",""slug"":""power-rankings""}},{""id"":1914015,""type"":""post"",""name"":""nba-stats-milestone-watch-december-2025"",""title"":""10 stats milestones to watch for in December"",""status"":""publish"",""slug"":""nba-stats-milestone-watch-december-2025"",""permalink"":""https://www.nba.com/news/nba-stats-milestone-watch-december-2025"",""excerpt"":""As the last month of 2025 begins, these statistical milestones could be within reach."",""timestamp"":1764729859000,""date"":""2025-12-01T16:10:54Z"",""modified"":""2025-12-03T02:44:19Z"",""featuredImage"":""https://cdn.nba.com/manage/2025/10/GettyImages-2242113481.jpg"",""category"":""Top Stories"",""taxonomy"":{""categories"":{""top-stories"":""Top Stories""},""teams"":{""1610612737"":""Atlanta Hawks"",""1610612738"":""Boston Celtics"",""1610612739"":""Cleveland Cavaliers"",""1610612740"":""New Orleans Pelicans"",""1610612741"":""Chicago Bulls"",""1610612742"":""Dallas Mavericks"",""1610612743"":""Denver Nuggets"",""1610612744"":""Golden State Warriors"",""1610612745"":""Houston Rockets"",""1610612746"":""LA Clippers"",""1610612747"":""Los Angeles Lakers"",""1610612748"":""Miami Heat"",""1610612749"":""Milwaukee Bucks"",""1610612750"":""Minnesota Timberwolves"",""1610612751"":""Brooklyn Nets"",""1610612752"":""New York Knicks"",""1610612753"":""Orlando Magic"",""1610612754"":""Indiana Pacers"",""1610612755"":""Philadelphia 76ers"",""1610612756"":""Phoenix Suns"",""1610612757"":""Portland Trail Blazers"",""1610612758"":""Sacramento Kings"",""1610612759"":""San Antonio Spurs"",""1610612760"":""Oklahoma City Thunder"",""1610612761"":""Toronto Raptors"",""1610612762"":""Utah Jazz"",""1610612763"":""Memphis Grizzlies"",""1610612764"":""Washington Wizards"",""1610612765"":""Detroit Pistons"",""1610612766"":""Charlotte Hornets""}},""useUpdatedDate"":true,""shortTitle"":""10 stats milestones to watch for in Dec."",""tentpoleType"":"""",""showSponsorship"":true,""showWebviewAdBanner"":false,""showWebviewGraphicBanner"":true,""authorHide"":false,""hasFlourishEmbed"":false,""hideFromPlatform"":false,""coverImageId"":"""",""coverImage"":"""",""seo"":{""description"":""As the last month of 2025 begins, these statistical milestones could be within reach."",""robots"":{""noindex"":false},""focus_keyword"":""NBA stats milestones december"",""schema_type"":""article""},""wordCount"":1713,""author"":{""id"":99,""name"":""Jeff Case, NBA.com""},""categoryPrimary"":{""name"":""Top Stories"",""slug"":""top-stories""}},{""id"":1930357,""type"":""post"",""name"":""kia-mvp-ladder-nov-28-2025"",""title"":""Kia MVP Ladder: Steady, impressive Nikola Jokić continues to lead the pack"",""status"":""publish"",""slug"":""kia-mvp-ladder-nov-28-2025"",""permalink"":""https://www.nba.com/news/kia-mvp-ladder-nov-28-2025"",""excerpt"":""Nikola Jokić's triple-double production and overall stability keep him perched at No. 1 as the Top 5 holds steady."",""timestamp"":1764616286000,""date"":""2025-11-28T13:15:06Z"",""modified"":""2025-12-01T19:11:26Z"",""featuredImage"":""https://cdn.nba.com/manage/2025/11/jokic-iso-112825-scaled.jpg"",""category"":""Kia MVP Ladder,Top Stories"",""taxonomy"":{""categories"":{""kia-race-to-the-mvp-ladder"":""Kia MVP Ladder"",""top-stories"":""Top Stories""},""teams"":{""1610612737"":""Atlanta Hawks"",""1610612739"":""Cleveland Cavaliers"",""1610612743"":""Denver Nuggets"",""1610612744"":""Golden State Warriors"",""1610612745"":""Houston Rockets"",""1610612747"":""Los Angeles Lakers"",""1610612749"":""Milwaukee Bucks"",""1610612750"":""Minnesota Timberwolves"",""1610612752"":""New York Knicks"",""1610612755"":""Philadelphia 76ers"",""1610612759"":""San Antonio Spurs"",""1610612760"":""Oklahoma City Thunder"",""1610612761"":""Toronto Raptors"",""1610612765"":""Detroit Pistons""},""players"":{""201939"":""Stephen Curry"",""203507"":""Giannis Antetokounmpo"",""203999"":""NIkola Jokic"",""1627742"":""Brandon Ingram"",""1628378"":""Donovan Mitchell"",""1628973"":""Jalen Brunson"",""1628983"":""Shai Gilgeous-Alexander"",""1629029"":""Luka Doncic"",""1630162"":""Anthony Edwards"",""1630178"":""Tyrese Maxey"",""1630552"":""Jalen Johnson"",""1630559"":""Austin Reaves"",""1630578"":""Alperen Sengun"",""1630595"":""Cade Cunningham"",""1641705"":""Victor Wembanyama""}},""useUpdatedDate"":true,""shortTitle"":""Kia MVP Ladder: Jokić keeps hold of top spot"",""tentpoleType"":"""",""showSponsorship"":true,""showWebviewAdBanner"":false,""showWebviewGraphicBanner"":true,""authorHide"":false,""hasFlourishEmbed"":false,""hideFromPlatform"":false,""coverImageId"":"""",""coverImage"":"""",""seo"":{""description"":""Nikola Jokić's triple-double production and overall stability keep him perched at No. 1 as the Top 5 holds steady."",""robots"":{""noindex"":false},""focus_keyword"":""kia mvp ladder"",""schema_type"":""article""},""wordCount"":1260,""author"":{""id"":26,""name"":""Shaun Powell""},""categoryPrimary"":{""name"":""Kia MVP Ladder"",""slug"":""kia-race-to-the-mvp-ladder""}},{""id"":1389525,""type"":""post"",""name"":""emirates-nba-cup-key-dates-schedule"",""title"":""Emirates NBA Cup: Key dates \u0026 schedule; Knockout Rounds played Dec. 9-10"",""status"":""publish"",""slug"":""emirates-nba-cup-key-dates-schedule"",""permalink"":""https://www.nba.com/news/emirates-nba-cup-key-dates-schedule"",""excerpt"":""The Heat, Knicks, Lakers, Magic, Raptors, Spurs, Suns and Thunder will compete in the Knockout Rounds."",""timestamp"":1764597805000,""date"":""2025-07-08T19:48:48Z"",""modified"":""2025-12-01T14:03:25Z"",""featuredImage"":""https://cdn.nba.com/manage/2025/07/UPDATED_BRACKET-11-28-29-16x9-Thumbnail.jpg"",""category"":""Emirates NBA Cup 2025"",""taxonomy"":{""categories"":{""emirates-nba-cup-2025"":""Emirates NBA Cup 2025""}},""useUpdatedDate"":true,""shortTitle"":""Emirates NBA Cup: Knockout Rounds schedule"",""tentpoleType"":"""",""showSponsorship"":true,""showWebviewAdBanner"":false,""showWebviewGraphicBanner"":true,""authorHide"":false,""hasFlourishEmbed"":false,""hideFromPlatform"":false,""coverImageId"":"""",""coverImage"":"""",""seo"":{""estimated_reading_time_minutes"":""4"",""description"":""Oct. 31 - Group Play begins\r\nNov. 28 - Group Play concludes\r\nDec. 13 - Semifinals (Las Vegas, NV)\r\nDec. 16 - Championship (Las Vegas, NV)"",""robots"":{""noindex"":false},""focus_keyword"":""NBA Cup schedule"",""schema_type"":""article""},""wordCount"":420,""author"":{""id"":20,""name"":""Official release""},""categoryPrimary"":{""name"":""Emirates NBA Cup 2025"",""slug"":""emirates-nba-cup-2025""}}]}},{""id"":2,""type"":""watch_live"",""title"":""NBA LEAGUE PASS"",""placementId"":""homePage_mainFeed_module0"",""value"":{""carousels"":[{""id"":1,""type"":""promo_carousel_lp"",""descriptionOne"":""EVERY LIVE GAME. EVERY LIVE MOMENT."",""descriptionTwo"":""League Pass is your ticket to see every angle of every game. Sign up now to get live and on-demand games with new features, exclusive streams, and customizable languages."",""cta"":""TRY FREE"",""ctaUrl"":""https://www.nba.com/watch/league-pass-stream"",""ctaSkuDomestic"":"""",""ctaSkuInternational"":"""",""legalText"":"""",""image"":{""altText"":"""",""url"":""https://cdn.nba.com/manage/2023/10/lp-promo-right-rail.png"",""id"":1191492},""style"":""top_banner"",""logo"":{""altText"":"""",""url"":""https://cdn.nba.com/manage/2023/02/NBA_League_Pass_horiz_onDkBkgd-2.png"",""id"":1034918},""collection"":{""slug"":""empty-collection-do-not-add-content-to-this-collection"",""permalink"":""https://www.nba.com/watch/list/collection/empty-collection-do-not-add-content-to-this-collection"",""videos"":[]}},{""id"":2,""type"":""promo_carousel_nbatv"",""descriptionOne"":""EVERY LIVE GAME. EVERY LIVE MOMENT."",""descriptionTwo"":""League Pass is your ticket to see every angle of every game. Sign up now to get live and on-demand games with new features, exclusive streams, and customizable languages."",""cta"":""Try Free"",""ctaUrl"":""https://www.nba.com/watch/league-pass-stream"",""ctaSkuDomestic"":""BLPUS"",""ctaSkuInternational"":""BLPP"",""legalText"":"""",""image"":{""altText"":"""",""url"":""https://cdn.nba.com/manage/2023/10/Promo_bg_908x302.png"",""id"":1191493},""style"":""bottom_banner"",""logo"":{""altText"":"""",""url"":"""",""id"":0},""collection"":{""slug"":""empty-collection-do-not-add-content-to-this-collection"",""permalink"":""https://www.nba.com/watch/list/collection/empty-collection-do-not-add-content-to-this-collection"",""videos"":[]}}],""homePageContent"":{""mainFeed"":{""leaguePassPromoUs"":{""descriptionOne"":""SHOOTING FOR THE PERFECT GIFT? GIVE LIVE GAMES."",""descriptionTwo"":""Unwrap more games with NBA League Pass. Send a 12-month League Pass subscription now or schedule it for later."",""cta"":""GIFT NOW"",""ctaUrl"":""https://www.nba.com/watch/league-pass-stream/gift"",""legalText"":"""",""analyticId"":""direct-to-payment;domestic;hpmcw;11-29-25;Gifting"",""image"":{""altText"":"""",""id"":""1932266"",""url"":""https://cdn.nba.com/manage/2025/11/377c1a5d-8853-4edf-b948-258bd82f0864.png""},""logo"":{""altText"":"""",""id"":""1925113"",""url"":""https://cdn.nba.com/manage/2025/11/NBA_League_Pass_horiz_onDkBkgd_NEWLOGO-1.png""}},""leaguePassPromoIntl"":{""descriptionOne"":""STREAM EVERY EMIRATES NBA CUP GAME LIKE YOU’RE COURTSIDE"",""descriptionTwo"":""League Pass has the best seat in the house for Cup Nights. Sign up today to stream the chase for the Cup commercial-free with Premium."",""cta"":""SIGN UP NOW"",""ctaUrl"":""https://www.nba.com/purchase-redirect?sku=BLPE"",""legalText"":"""",""analyticId"":""direct-to-payment;international;hpmcw;10-31-25;BLPE"",""image"":{""altText"":"""",""id"":""1893387"",""url"":""https://cdn.nba.com/manage/2025/11/BG-MIDDLE-LP@2x-1.jpg""},""logo"":{""altText"":"""",""id"":""1836343"",""url"":""https://cdn.nba.com/manage/2025/09/NBA_League_Pass_horiz_onDkBkgd_NEWLOGO-1.png""}}},""sideRail"":{""leaguePassPromoUs"":{""descriptionOne"":""GIVE THE GIFT OF STREAMING HOOPS"",""descriptionTwo"":""Get a present that lasts all year — give a 12-month League Pass gift subscription."",""cta"":""GIFT NOW"",""ctaUrl"":""https://www.nba.com/watch/league-pass-stream/gift"",""legalText"":"""",""analyticId"":""direct-to-payment;domestic;hpsiderail;11-29-25;GIFTING"",""image"":{""altText"":"""",""id"":""1932265"",""url"":""https://cdn.nba.com/manage/2025/11/724f7749-1d64-498a-83a7-66ff7a14abee.png""},""logo"":{""altText"":"""",""id"":""1925113"",""url"":""https://cdn.nba.com/manage/2025/11/NBA_League_Pass_horiz_onDkBkgd_NEWLOGO-1.png""}},""leaguePassPromoIntl"":{""descriptionOne"":""STREAM EVERY EMIRATES NBA CUP GAME"",""descriptionTwo"":""Don’t miss a second of the Emirates NBA Cup. Get League Pass Premium today to stream games live or download for later."",""cta"":""SIGN UP NOW"",""ctaUrl"":""https://www.nba.com/purchase-redirect?sku=BLPE"",""legalText"":"""",""analyticId"":""direct-to-payment;international;hpsiderail;10-31-25;BLPE"",""image"":{""altText"":"""",""id"":""1893388"",""url"":""https://cdn.nba.com/manage/2025/11/BG-SIDE-LP@2x-1.jpg""},""logo"":{""altText"":"""",""id"":""1836340"",""url"":""https://cdn.nba.com/manage/2025/09/NBA_League_Pass_horiz_onDkBkgd_NEWLOGO.png""}}}}}},{""id"":3,""type"":""video_carousel"",""title"":""2025-26 Game Recaps"",""value"":{""limit"":10,""curation"":""collection"",""isPremium"":false,""isPersonalized"":false,""slug"":""2025-26-game-recaps"",""id"":1854501,""permalink"":""https://www.nba.com/watch/list/collection/2025-26-game-recaps"",""videos"":[{""id"":1936418,""type"":""video"",""name"":""game-recap-suns-125-lakers-108"",""title"":""Game Recap: Suns 125, Lakers 108"",""status"":""publish"",""slug"":""game-recap-suns-125-lakers-108"",""permalink"":""https://www.nba.com/watch/video/game-recap-suns-125-lakers-108?plsrc=nba\u0026collection=2025-26-game-recaps"",""excerpt"":""Dillon Brooks scored 33 points and Collin Gillespie goes for 28 to help the Suns snap the Lakers' 7-game win streak."",""timestamp"":1764659253000,""date"":""2025-12-02T07:07:33Z"",""modified"":""2025-12-02T12:27:45Z"",""featuredImage"":""https://cdn.nba.com/manage/2025/12/PHX_LAL_Recap_120125-1.jpg"",""category"":""Game Recap"",""coverImage"":"""",""coverImageId"":"""",""shortTitle"":"""",""description"":"""",""expirationDate"":"""",""hideFromPlatform"":"""",""videoCreationSource"":""nbae-inhouse"",""entitlements"":""free"",""videoName"":"""",""videoDuration"":""02:16"",""videoDurationSeconds"":136,""duration"":"""",""mediaKindAssetId"":""202512020158NBA_____VIDEOS__NBAE_2869749"",""mediakindExternalProgramId"":""41419eb01ee0c659a1b363f216dc147d"",""mediaKindOperationStatus"":""succeeded"",""videoIviCaid"":""nba-manage-prod-1-1936418"",""videoIviCType"":""nbaVod"",""branchUrl"":""https://nba.smart.link/2e64ifwhb?videoid=1936418"",""seo"":{},""videoAssets"":{},""attributes"":{},""leagueId"":""00"",""leagueFullName"":""National Basketball Association"",""league"":""NBA"",""languages"":[{""code"":""en_us"",""displayName"":""English""}],""taxonomy"":{""categories"":{""game-recap"":""Game Recap""},""tags"":{""austin-reaves"":""Austin Reaves"",""collin-gillespie"":""Collin Gillespie"",""dillon-brooks"":""Dillon Brooks"",""game-recap"":""game recap"",""highlights"":""highlights"",""los-angeles-lakers"":""Los Angeles Lakers"",""luka-doncic"":""Luka Doncic"",""phoenix-suns"":""Phoenix Suns"",""recap"":""recap""},""games"":{""0022500317"":""PHX @ LAL (0022500317)""},""teams"":{""1610612747"":""Los Angeles Lakers"",""1610612756"":""Phoenix Suns""},""videoFranchises"":{""game-recap"":""Game Recap""},""videoFranchisesName"":{""2-min-game-recap"":""2 Minute Game Recap""},""videoCategories"":{""recaps"":""Recaps""},""videoPublisher"":{""nbae"":""NBAE""},""videoTypes"":{""highlights"":""Highlights""},""videoFrequency"":{""game"":""Game""},""videoNumPlays"":0},""author"":{""id"":27,""name"":""NBA.com Staff""},""categoryPrimary"":{""name"":""Game Recap"",""slug"":""game-recap""}},{""id"":1936365,""type"":""video"",""name"":""game-recap-mavericks-131-nuggets-121"",""title"":""Game Recap: Mavericks 131, Nuggets 121"",""status"":""publish"",""slug"":""game-recap-mavericks-131-nuggets-121"",""permalink"":""https://www.nba.com/watch/video/game-recap-mavericks-131-nuggets-121?plsrc=nba\u0026collection=2025-26-game-recaps"",""excerpt"":""The Dallas Mavericks defeated the Denver Nuggets, 131-121. Dallas improves to 7-15 on the season, while Denver falls to 14-6."",""timestamp"":1764656240000,""date"":""2025-12-02T06:17:20Z"",""modified"":""2025-12-02T06:46:41Z"",""featuredImage"":""https://cdn.nba.com/manage/2025/12/DAL_DEN_Recap_120125.jpg"",""category"":""Game Recap"",""coverImage"":"""",""coverImageId"":"""",""shortTitle"":"""",""description"":"""",""expirationDate"":"""",""hideFromPlatform"":"""",""videoCreationSource"":""nbae-inhouse"",""entitlements"":""free"",""videoName"":"""",""videoDuration"":""02:08"",""videoDurationSeconds"":128,""duration"":"""",""mediaKindAssetId"":""202512020101NBA_____VIDEOS__NBAE_2869709"",""mediakindExternalProgramId"":""5c03c4685d6edbdc048debff154e6708"",""mediaKindOperationStatus"":""succeeded"",""videoIviCaid"":""nba-manage-prod-1-1936365"",""videoIviCType"":""nbaVod"",""branchUrl"":""https://nba.smart.link/2e64ifwhb?videoid=1936365"",""seo"":{},""videoAssets"":{},""attributes"":{},""leagueId"":""00"",""leagueFullName"":""National Basketball Association"",""league"":""NBA"",""languages"":[{""code"":""en_us"",""displayName"":""English""}],""taxonomy"":{""categories"":{""game-recap"":""Game Recap""},""tags"":{""anthony-davis"":""Anthony Davis"",""cooper-flagg"":""cooper flagg"",""dallas-mavericks"":""Dallas Mavericks"",""denver-nuggets"":""Denver Nuggets"",""game-recap"":""game recap"",""highlights"":""highlights"",""nikola-jokic"":""Nikola Jokic"",""recap"":""recap"",""ryan-nembhard"":""Ryan Nembhard"",""spencer-jones"":""Spencer Jones""},""games"":{""0022500315"":""DAL @ DEN (0022500315)""},""teams"":{""1610612742"":""Dallas Mavericks"",""1610612743"":""Denver Nuggets""},""videoFranchises"":{""game-recap"":""Game Recap""},""videoFranchisesName"":{""2-min-game-recap"":""2 Minute Game Recap""},""videoCategories"":{""recaps"":""Recaps""},""videoPublisher"":{""nbae"":""NBAE""},""videoTypes"":{""highlights"":""Highlights""},""videoFrequency"":{""game"":""Game""},""videoNumPlays"":0},""author"":{""id"":27,""name"":""NBA.com Staff""},""categoryPrimary"":{""name"":""Game Recap"",""slug"":""game-recap""}},{""id"":1936349,""type"":""video"",""name"":""game-recap-jazz-133-rockets-125"",""title"":""Game Recap: Jazz 133, Rockets 125"",""status"":""publish"",""slug"":""game-recap-jazz-133-rockets-125"",""permalink"":""https://www.nba.com/watch/video/game-recap-jazz-133-rockets-125?plsrc=nba\u0026collection=2025-26-game-recaps"",""excerpt"":""The Utah Jazz defeated the Houston Rockets, 133-125. The Jazz improve to 7-13 on the season, while the Rockets fall to 13-5."",""timestamp"":1764655032000,""date"":""2025-12-02T05:57:12Z"",""modified"":""2025-12-02T06:10:06Z"",""featuredImage"":""https://cdn.nba.com/manage/2025/12/HOU_UTA_Recap_120125.jpg"",""category"":""Game Recap"",""coverImage"":"""",""coverImageId"":"""",""shortTitle"":"""",""description"":"""",""expirationDate"":"""",""hideFromPlatform"":"""",""videoCreationSource"":""nbae-inhouse"",""entitlements"":""free"",""videoName"":"""",""videoDuration"":""02:17"",""videoDurationSeconds"":137,""duration"":"""",""mediaKindAssetId"":""202512020044NBA_____VIDEOS__NBAE_2869696"",""mediakindExternalProgramId"":""6c0592ad76111b9a399d012687582d8b"",""mediaKindOperationStatus"":""succeeded"",""videoIviCaid"":""nba-manage-prod-1-1936349"",""videoIviCType"":""nbaVod"",""branchUrl"":""https://nba.smart.link/2e64ifwhb?videoid=1936349"",""seo"":{},""videoAssets"":{},""attributes"":{},""leagueId"":""00"",""leagueFullName"":""National Basketball Association"",""league"":""NBA"",""languages"":[{""code"":""en_us"",""displayName"":""English""}],""taxonomy"":{""categories"":{""game-recap"":""Game Recap""},""tags"":{""alperen-sengun"":""Alperen Sengun"",""game-recap"":""game recap"",""highlights"":""highlights"",""houston-rockets"":""Houston Rockets"",""kevin-durant"":""Kevin Durant"",""keyonte-george"":""Keyonte George"",""lauri-markkanen"":""Lauri Markkanen"",""recap"":""recap"",""utah-jazz"":""Utah Jazz""},""games"":{""0022500316"":""HOU @ UTA (0022500316)""},""teams"":{""1610612745"":""Houston Rockets"",""1610612762"":""Utah Jazz""},""videoFranchises"":{""game-recap"":""Game Recap""},""videoFranchisesName"":{""2-min-game-recap"":""2 Minute Game Recap""},""videoCategories"":{""recaps"":""Recaps""},""videoPublisher"":{""nbae"":""NBAE""},""videoTypes"":{""highlights"":""Highlights""},""videoFrequency"":{""game"":""Game""},""videoNumPlays"":0},""author"":{""id"":27,""name"":""NBA.com Staff""},""categoryPrimary"":{""name"":""Game Recap"",""slug"":""game-recap""}},{""id"":1936245,""type"":""video"",""name"":""game-recap-magic-125-bulls-120"",""title"":""Game Recap: Magic 125, Bulls 120"",""status"":""publish"",""slug"":""game-recap-magic-125-bulls-120"",""permalink"":""https://www.nba.com/watch/video/game-recap-magic-125-bulls-120?plsrc=nba\u0026collection=2025-26-game-recaps"",""excerpt"":""Desmond Bane shines late, scoring 18 of his 37 points in the 4th quarter to lift the Magic to a 125-120 win."",""timestamp"":1764652139000,""date"":""2025-12-02T05:08:59Z"",""modified"":""2025-12-02T12:30:58Z"",""featuredImage"":""https://cdn.nba.com/manage/2025/12/CHI_ORL_Recap_120125.jpg"",""category"":""Game Recap"",""coverImage"":"""",""coverImageId"":"""",""shortTitle"":"""",""description"":"""",""expirationDate"":"""",""hideFromPlatform"":"""",""videoCreationSource"":""nbae-inhouse"",""entitlements"":""free"",""videoName"":"""",""videoDuration"":""02:28"",""videoDurationSeconds"":148,""duration"":"""",""mediaKindAssetId"":""202512012355NBA_____VIDEOS__NBAE_2869650"",""mediakindExternalProgramId"":""d4bbd26c5ece9866ce6b36c0f1babdeb"",""mediaKindOperationStatus"":""succeeded"",""videoIviCaid"":""nba-manage-prod-1-1936245"",""videoIviCType"":""nbaVod"",""branchUrl"":""https://nba.smart.link/2e64ifwhb?videoid=1936245"",""seo"":{},""videoAssets"":{},""attributes"":{},""leagueId"":""00"",""leagueFullName"":""National Basketball Association"",""league"":""NBA"",""languages"":[{""code"":""en_us"",""displayName"":""English""}],""taxonomy"":{""categories"":{""game-recap"":""Game Recap""},""tags"":{""chicago-bulls"":""Chicago Bulls"",""desmond-bane"":""Desmond Bane"",""franz-wagner"":""Franz Wagner"",""game-recap"":""game recap"",""highlights"":""highlights"",""josh-giddey"":""Josh Giddey"",""matas-buzelis"":""Matas Buzelis"",""orlando-magic"":""orlando magic"",""recap"":""recap""},""games"":{""0022500314"":""CHI @ ORL (0022500314)""},""teams"":{""1610612741"":""Chicago Bulls"",""1610612753"":""Orlando Magic""},""videoFranchises"":{""game-recap"":""Game Recap""},""videoFranchisesName"":{""2-min-game-recap"":""2 Minute Game Recap""},""videoCategories"":{""recaps"":""Recaps""},""videoPublisher"":{""nbae"":""NBAE""},""videoTypes"":{""highlights"":""Highlights""},""videoFrequency"":{""game"":""Game""},""videoNumPlays"":0},""author"":{""id"":27,""name"":""NBA.com Staff""},""categoryPrimary"":{""name"":""Game Recap"",""slug"":""game-recap""}},{""id"":1936214,""type"":""video"",""name"":""game-recap-nets-116-hornets-103"",""title"":""Game Recap: Nets 116, Hornets 103"",""status"":""publish"",""slug"":""game-recap-nets-116-hornets-103"",""permalink"":""https://www.nba.com/watch/video/game-recap-nets-116-hornets-103?plsrc=nba\u0026collection=2025-26-game-recaps"",""excerpt"":""The Brooklyn Nets defeated the Charlotte Hornets, 116-103. The Nets improve to 4-16 on the season, while the Hornets fall to 6-15."",""timestamp"":1764650925000,""date"":""2025-12-02T04:48:45Z"",""modified"":""2025-12-02T05:01:14Z"",""featuredImage"":""https://cdn.nba.com/manage/2025/12/CHA_BKN_Recap_120125.jpg"",""category"":""Game Recap"",""coverImage"":"""",""coverImageId"":"""",""shortTitle"":"""",""description"":"""",""expirationDate"":"""",""hideFromPlatform"":"""",""videoCreationSource"":""nbae-inhouse"",""entitlements"":""free"",""videoName"":"""",""videoDuration"":""02:21"",""videoDurationSeconds"":141,""duration"":"""",""mediaKindAssetId"":""202512012327NBA_____VIDEOS__NBAE_2869618"",""mediakindExternalProgramId"":""fb502b889840a5f400c576ee5f9a99e1"",""mediaKindOperationStatus"":""succeeded"",""videoIviCaid"":""nba-manage-prod-1-1936214"",""videoIviCType"":""nbaVod"",""branchUrl"":""https://nba.smart.link/2e64ifwhb?videoid=1936214"",""seo"":{},""videoAssets"":{},""attributes"":{},""leagueId"":""00"",""leagueFullName"":""National Basketball Association"",""league"":""NBA"",""languages"":[{""code"":""en_us"",""displayName"":""English""}],""taxonomy"":{""categories"":{""game-recap"":""Game Recap""},""tags"":{""brooklyn-nets"":""Brooklyn Nets"",""charlotte-hornets"":""charlotte hornets"",""game-recap"":""game recap"",""highlights"":""highlights"",""kon-knueppel"":""Kon Knueppel"",""lamelo-ball"":""LaMelo Ball"",""michael-porter-jr"":""Michael Porter Jr."",""nic-claxton"":""Nic Claxton"",""noah-clowney"":""Noah Clowney"",""recap"":""recap""},""games"":{""0022500312"":""CHA @ BKN (0022500312)""},""teams"":{""1610612751"":""Brooklyn Nets"",""1610612766"":""Charlotte Hornets""},""videoFranchises"":{""game-recap"":""Game Recap""},""videoFranchisesName"":{""2-min-game-recap"":""2 Minute Game Recap""},""videoCategories"":{""recaps"":""Recaps""},""videoPublisher"":{""nbae"":""NBAE""},""videoTypes"":{""highlights"":""Highlights""},""videoFrequency"":{""game"":""Game""},""videoNumPlays"":0},""author"":{""id"":27,""name"":""NBA.com Staff""},""categoryPrimary"":{""name"":""Game Recap"",""slug"":""game-recap""}},{""id"":1936181,""type"":""video"",""name"":""game-recap-heat-140-clippers-123"",""title"":""Game Recap: Heat 140, Clippers 123"",""status"":""publish"",""slug"":""game-recap-heat-140-clippers-123"",""permalink"":""https://www.nba.com/watch/video/game-recap-heat-140-clippers-123?plsrc=nba\u0026collection=2025-26-game-recaps"",""excerpt"":""The Miami Heat defeated the LA Clippers, 140-123. The Miami Heat improve to 14-7 on the season while the LA Clippers fall to 5-16."",""timestamp"":1764650082000,""date"":""2025-12-02T04:34:42Z"",""modified"":""2025-12-02T04:54:06Z"",""featuredImage"":""https://cdn.nba.com/manage/2025/12/LAC_MIA_Recap_120125.jpg"",""category"":""Game Recap"",""coverImage"":"""",""coverImageId"":"""",""shortTitle"":"""",""description"":"""",""expirationDate"":"""",""hideFromPlatform"":"""",""videoCreationSource"":""nbae-inhouse"",""entitlements"":""free"",""videoName"":"""",""videoDuration"":""02:10"",""videoDurationSeconds"":130,""duration"":"""",""mediaKindAssetId"":""202512012325NBA_____VIDEOS__NBAE_2869607"",""mediakindExternalProgramId"":""f0fe4698afc2c1dbc684c05dfbf03d03"",""mediaKindOperationStatus"":""succeeded"",""videoIviCaid"":""nba-manage-prod-1-1936181"",""videoIviCType"":""nbaVod"",""branchUrl"":""https://nba.smart.link/2e64ifwhb?videoid=1936181"",""seo"":{},""videoAssets"":{},""attributes"":{},""leagueId"":""00"",""leagueFullName"":""National Basketball Association"",""league"":""NBA"",""languages"":[{""code"":""en_us"",""displayName"":""English""}],""taxonomy"":{""categories"":{""game-recap"":""Game Recap""},""tags"":{""andrew-wiggins"":""Andrew Wiggins"",""bam-adebayo"":""Bam Adebayo"",""davion-mitchell"":""Davion Mitchell"",""game-recap"":""game recap"",""highlights"":""highlights"",""ivica-zubac"":""Ivica Zubac"",""kawhi-leonard"":""Kawhi Leonard"",""los-angeles-clippers"":""los angeles clippers"",""miami-heat"":""Miami Heat"",""norman-powell"":""Norman Powell"",""recap"":""recap"",""tyler-herro"":""Tyler Herro""},""games"":{""0022500313"":""LAC @ MIA (0022500313)""},""teams"":{""1610612746"":""LA Clippers"",""1610612748"":""Miami Heat""},""videoFranchises"":{""game-recap"":""Game Recap""},""videoFranchisesName"":{""2-min-game-recap"":""2 Minute Game Recap""},""videoCategories"":{""recaps"":""Recaps""},""videoPublisher"":{""nbae"":""NBAE""},""videoTypes"":{""highlights"":""Highlights""},""videoFrequency"":{""game"":""Game""},""videoNumPlays"":0},""author"":{""id"":27,""name"":""NBA.com Staff""},""categoryPrimary"":{""name"":""Game Recap"",""slug"":""game-recap""}},{""id"":1936179,""type"":""video"",""name"":""game-recap-cavaliers-135-pacers-119"",""title"":""Game Recap: Cavaliers 135, Pacers 119"",""status"":""publish"",""slug"":""game-recap-cavaliers-135-pacers-119"",""permalink"":""https://www.nba.com/watch/video/game-recap-cavaliers-135-pacers-119?plsrc=nba\u0026collection=2025-26-game-recaps"",""excerpt"":""The Cleveland Cavaliers defeated the Indiana Pacers, 135-119. The Cleveland Cavaliers improve to 13-9 on the season."",""timestamp"":1764650021000,""date"":""2025-12-02T04:33:41Z"",""modified"":""2025-12-02T04:54:19Z"",""featuredImage"":""https://cdn.nba.com/manage/2025/12/CLE_IND_Recap_120125.jpg"",""category"":""Game Recap"",""coverImage"":"""",""coverImageId"":"""",""shortTitle"":"""",""description"":"""",""expirationDate"":"""",""hideFromPlatform"":"""",""videoCreationSource"":""nbae-inhouse"",""entitlements"":""free"",""videoName"":"""",""videoDuration"":""02:07"",""videoDurationSeconds"":127,""duration"":"""",""mediaKindAssetId"":""202512012321NBA_____VIDEOS__NBAE_2869606"",""mediakindExternalProgramId"":""95cc787fb256ee26269924cbe731c3df"",""mediaKindOperationStatus"":""succeeded"",""videoIviCaid"":""nba-manage-prod-1-1936179"",""videoIviCType"":""nbaVod"",""branchUrl"":""https://nba.smart.link/2e64ifwhb?videoid=1936179"",""seo"":{},""videoAssets"":{},""attributes"":{},""leagueId"":""00"",""leagueFullName"":""National Basketball Association"",""league"":""NBA"",""languages"":[{""code"":""en_us"",""displayName"":""English""}],""taxonomy"":{""categories"":{""game-recap"":""Game Recap""},""tags"":{""andrew-nembhard"":""andrew nembhard"",""cleveland-cavaliers"":""Cleveland Cavaliers"",""donovan-mitchell"":""Donovan Mitchell"",""game-recap"":""game recap"",""highlights"":""highlights"",""indiana-pacers"":""Indiana Pacers"",""jaylon-tyson"":""Jaylon Tyson"",""pascal-siakam"":""Pascal Siakam"",""recap"":""recap""},""games"":{""0022500310"":""CLE @ IND (0022500310)""},""teams"":{""1610612739"":""Cleveland Cavaliers"",""1610612754"":""Indiana Pacers""},""videoFranchises"":{""game-recap"":""Game Recap""},""videoFranchisesName"":{""2-min-game-recap"":""2 Minute Game Recap""},""videoCategories"":{""recaps"":""Recaps""},""videoPublisher"":{""nbae"":""NBAE""},""videoTypes"":{""highlights"":""Highlights""},""videoFrequency"":{""game"":""Game""},""videoNumPlays"":0},""author"":{""id"":27,""name"":""NBA.com Staff""},""categoryPrimary"":{""name"":""Game Recap"",""slug"":""game-recap""}},{""id"":1936133,""type"":""video"",""name"":""game-recap-pistons-99-hawks-98"",""title"":""Game Recap: Pistons 99, Hawks 98"",""status"":""publish"",""slug"":""game-recap-pistons-99-hawks-98"",""permalink"":""https://www.nba.com/watch/video/game-recap-pistons-99-hawks-98?plsrc=nba\u0026collection=2025-26-game-recaps"",""excerpt"":""The Detroit Pistons defeated the Atlanta Hawks, 99-98. The Detroit Pistons improve to 17-4 on the season."",""timestamp"":1764649053000,""date"":""2025-12-02T04:17:33Z"",""modified"":""2025-12-02T04:36:37Z"",""featuredImage"":""https://cdn.nba.com/manage/2025/12/ATL_DET_Recap_120125.jpg"",""category"":""Game Recap"",""coverImage"":"""",""coverImageId"":"""",""shortTitle"":"""",""description"":"""",""expirationDate"":"""",""hideFromPlatform"":"""",""videoCreationSource"":""nbae-inhouse"",""entitlements"":""free"",""videoName"":"""",""videoDuration"":""02:20"",""videoDurationSeconds"":140,""duration"":"""",""mediaKindAssetId"":""202512012249NBA_____VIDEOS__NBAE_2869577"",""mediakindExternalProgramId"":""83d1028cd49206db22af317271caa754"",""mediaKindOperationStatus"":""succeeded"",""videoIviCaid"":""nba-manage-prod-1-1936133"",""videoIviCType"":""nbaVod"",""branchUrl"":""https://nba.smart.link/2e64ifwhb?videoid=1936133"",""seo"":{},""videoAssets"":{},""attributes"":{},""leagueId"":""00"",""leagueFullName"":""National Basketball Association"",""league"":""NBA"",""languages"":[{""code"":""en_us"",""displayName"":""English""}],""taxonomy"":{""categories"":{""game-recap"":""Game Recap""},""tags"":{""atlanta-hawks"":""Atlanta Hawks"",""cade-cunningham"":""cade cunningham"",""detroit-pistons"":""Detroit Pistons"",""game-recap"":""game recap"",""highlights"":""highlights"",""jalen-duren"":""Jalen Duren"",""jalen-johnson"":""Jalen Johnson"",""nickeil-alexander-walker"":""Nickeil Alexander-Walker"",""recap"":""recap""},""games"":{""0022500309"":""ATL @ DET (0022500309)""},""teams"":{""1610612737"":""Atlanta Hawks"",""1610612765"":""Detroit Pistons""},""videoFranchises"":{""game-recap"":""Game Recap""},""videoFranchisesName"":{""2-min-game-recap"":""2 Minute Game Recap""},""videoCategories"":{""recaps"":""Recaps""},""videoPublisher"":{""nbae"":""NBAE""},""videoTypes"":{""highlights"":""Highlights""},""videoFrequency"":{""game"":""Game""},""videoNumPlays"":0},""author"":{""id"":27,""name"":""NBA.com Staff""},""categoryPrimary"":{""name"":""Game Recap"",""slug"":""game-recap""}},{""id"":1936115,""type"":""video"",""name"":""game-recap-wizards-129-bucks-126"",""title"":""Game Recap: Wizards 129, Bucks 126"",""status"":""publish"",""slug"":""game-recap-wizards-129-bucks-126"",""permalink"":""https://www.nba.com/watch/video/game-recap-wizards-129-bucks-126?plsrc=nba\u0026collection=2025-26-game-recaps"",""excerpt"":""The Washington Wizards ended the game on a 14-6 run to defeat the Milwaukee Bucks, 129-126."",""timestamp"":1764648793000,""date"":""2025-12-02T04:13:13Z"",""modified"":""2025-12-02T04:36:51Z"",""featuredImage"":""https://cdn.nba.com/manage/2025/12/MIL_WAS_Recap_120125-2.jpg"",""category"":""Game Recap"",""coverImage"":"""",""coverImageId"":"""",""shortTitle"":"""",""description"":"""",""expirationDate"":"""",""hideFromPlatform"":"""",""videoCreationSource"":""nbae-inhouse"",""entitlements"":""free"",""videoName"":"""",""videoDuration"":""02:24"",""videoDurationSeconds"":144,""duration"":"""",""mediaKindAssetId"":""202512012303NBA_____VIDEOS__NBAE_2869592"",""mediakindExternalProgramId"":""7387f02f63a8ec71e0144dae053d3197"",""mediaKindOperationStatus"":""succeeded"",""videoIviCaid"":""nba-manage-prod-1-1936115"",""videoIviCType"":""nbaVod"",""branchUrl"":""https://nba.smart.link/2e64ifwhb?videoid=1936115"",""seo"":{},""videoAssets"":{},""attributes"":{},""leagueId"":""00"",""leagueFullName"":""National Basketball Association"",""league"":""NBA"",""languages"":[{""code"":""en_us"",""displayName"":""English""}],""taxonomy"":{""categories"":{""game-recap"":""Game Recap""},""tags"":{""cj-mccollum"":""CJ McCollum"",""game-recap"":""game recap"",""giannis-antetokounmpo"":""Giannis Antetokounmpo"",""highlights"":""highlights"",""kevin-porter-jr"":""Kevin Porter Jr."",""marvin-bagley-iii"":""Marvin Bagley III"",""milwaukee-bucks"":""milwaukee bucks"",""recap"":""recap"",""washington-wizards"":""Washington Wizards""},""games"":{""0022500311"":""MIL @ WAS (0022500311)""},""teams"":{""1610612749"":""Milwaukee Bucks"",""1610612764"":""Washington Wizards""},""videoFranchises"":{""game-recap"":""Game Recap""},""videoFranchisesName"":{""2-min-game-recap"":""2 Minute Game Recap""},""videoCategories"":{""recaps"":""Recaps""},""videoPublisher"":{""nbae"":""NBAE""},""videoTypes"":{""highlights"":""Highlights""},""videoFrequency"":{""game"":""Game""},""videoNumPlays"":0},""author"":{""id"":27,""name"":""NBA.com Staff""},""categoryPrimary"":{""name"":""Game Recap"",""slug"":""game-recap""}},{""id"":1934710,""type"":""video"",""name"":""game-recap-lakers-133-pelicans-121"",""title"":""Game Recap: Lakers 133, Pelicans 121"",""status"":""publish"",""slug"":""game-recap-lakers-133-pelicans-121"",""permalink"":""https://www.nba.com/watch/video/game-recap-lakers-133-pelicans-121?plsrc=nba\u0026collection=2025-26-game-recaps"",""excerpt"":""Luka Dončić's 34 points and 12 rebounds lead the way for the Lakers, who top the Pelicans for their 7th straight win."",""timestamp"":1764570269000,""date"":""2025-12-01T06:24:29Z"",""modified"":""2025-12-01T11:57:24Z"",""featuredImage"":""https://cdn.nba.com/manage/2025/12/NOP_LAL_Recap_113025-1.jpg"",""category"":""Game Recap"",""coverImage"":"""",""coverImageId"":"""",""shortTitle"":"""",""description"":"""",""expirationDate"":"""",""hideFromPlatform"":"""",""videoCreationSource"":""nbae-inhouse"",""entitlements"":""free"",""videoName"":"""",""videoDuration"":""02:27"",""videoDurationSeconds"":147,""duration"":"""",""mediaKindAssetId"":""202512010116NBA_____VIDEOS__NBAE_2869347"",""mediakindExternalProgramId"":""f922dacb071d666d09dbf5627d4c4111"",""mediaKindOperationStatus"":""succeeded"",""videoIviCaid"":""nba-manage-prod-1-1934710"",""videoIviCType"":""nbaVod"",""branchUrl"":""https://nba.smart.link/2e64ifwhb?videoid=1934710"",""seo"":{},""videoAssets"":{},""attributes"":{},""leagueId"":""00"",""leagueFullName"":""National Basketball Association"",""league"":""NBA"",""languages"":[{""code"":""en_us"",""displayName"":""English""}],""taxonomy"":{""categories"":{""game-recap"":""Game Recap""},""tags"":{""austin-reaves"":""Austin Reaves"",""bryce-mcgowens"":""Bryce McGowens"",""game-recap"":""game recap"",""highlights"":""highlights"",""luka-doncic"":""Luka Doncic"",""recap"":""recap"",""saddiq-bey"":""saddiq bey""},""games"":{""0022500308"":""NOP @ LAL (0022500308)""},""teams"":{""1610612740"":""New Orleans Pelicans"",""1610612747"":""Los Angeles Lakers""},""videoFranchises"":{""game-recap"":""Game Recap""},""videoFranchisesName"":{""2-min-game-recap"":""2 Minute Game Recap""},""videoCategories"":{""recaps"":""Recaps""},""videoPublisher"":{""nbae"":""NBAE""},""videoTypes"":{""highlights"":""Highlights""},""videoFrequency"":{""game"":""Game""},""videoNumPlays"":0},""author"":{""id"":27,""name"":""NBA.com Staff""},""categoryPrimary"":{""name"":""Game Recap"",""slug"":""game-recap""}}]}},{""type"":""ad"",""adType"":""banner"",""id"":182821,""placementId"":""home_ad_b_2""},{""id"":4,""type"":""collection"",""title"":""AROUND THE NBA"",""value"":{""layout"":""news_strip"",""limit"":15,""collectionId"":796267,""collectionSlug"":""hp-around-the-nba"",""collectionTitle"":""Around the NBA"",""collectionContent"":[{""id"":1925462,""type"":""post"",""name"":""power-rankings-2025-26-week-7"",""title"":""Power Rankings Week 7: Quartet of teams rising in Top 10"",""status"":""publish"",""slug"":""power-rankings-2025-26-week-7"",""permalink"":""https://www.nba.com/news/power-rankings-2025-26-week-7"",""excerpt"":""The Lakers, Knicks, Magic and Wolves are surging at the season's quarter point while the Top 3 remains unchanged."",""timestamp"":1764618863000,""date"":""2025-12-01T14:58:16Z"",""modified"":""2025-12-01T19:54:23Z"",""featuredImage"":""https://cdn.nba.com/manage/2025/12/luka-reaves.jpg"",""category"":""Power Rankings,Top Stories"",""taxonomy"":{""categories"":{""power-rankings"":""Power Rankings"",""top-stories"":""Top Stories""},""teams"":{""1610612737"":""Atlanta Hawks"",""1610612738"":""Boston Celtics"",""1610612739"":""Cleveland Cavaliers"",""1610612740"":""New Orleans Pelicans"",""1610612741"":""Chicago Bulls"",""1610612742"":""Dallas Mavericks"",""1610612743"":""Denver Nuggets"",""1610612744"":""Golden State Warriors"",""1610612745"":""Houston Rockets"",""1610612746"":""LA Clippers"",""1610612747"":""Los Angeles Lakers"",""1610612748"":""Miami Heat"",""1610612749"":""Milwaukee Bucks"",""1610612750"":""Minnesota Timberwolves"",""1610612751"":""Brooklyn Nets"",""1610612752"":""New York Knicks"",""1610612753"":""Orlando Magic"",""1610612754"":""Indiana Pacers"",""1610612755"":""Philadelphia 76ers"",""1610612756"":""Phoenix Suns"",""1610612757"":""Portland Trail Blazers"",""1610612758"":""Sacramento Kings"",""1610612759"":""San Antonio Spurs"",""1610612760"":""Oklahoma City Thunder"",""1610612761"":""Toronto Raptors"",""1610612762"":""Utah Jazz"",""1610612763"":""Memphis Grizzlies"",""1610612764"":""Washington Wizards"",""1610612765"":""Detroit Pistons"",""1610612766"":""Charlotte Hornets""}},""useUpdatedDate"":true,""shortTitle"":""Power Rankings: 4 teams on rise in Top 10"",""tentpoleType"":"""",""showSponsorship"":true,""showWebviewAdBanner"":false,""showWebviewGraphicBanner"":true,""authorHide"":false,""hasFlourishEmbed"":false,""hideFromPlatform"":false,""coverImageId"":"""",""coverImage"":"""",""seo"":{""description"":""The Lakers, Knicks, Magic and Wolves are surging at the season's quarter point while the Top 3 remains unchanged."",""focus_keyword"":""Power Rankings"",""robots"":{""noindex"":false},""schema_type"":""article""},""wordCount"":564,""author"":{""id"":22,""name"":""John Schuhmann""},""categoryPrimary"":{""name"":""Power Rankings"",""slug"":""power-rankings""}},{""id"":1935668,""type"":""post"",""name"":""nba-storylines-decembers-strength-of-schedule-rankings"",""title"":""NBA Storylines: December's strength of schedule rankings"",""status"":""publish"",""slug"":""nba-storylines-decembers-strength-of-schedule-rankings"",""permalink"":""https://www.nba.com/news/nba-storylines-decembers-strength-of-schedule-rankings"",""excerpt"":""Breaking down the strength of every team's upcoming schedule in December."",""timestamp"":1764725605000,""date"":""2025-12-02T14:05:10Z"",""modified"":""2025-12-03T01:33:25Z"",""featuredImage"":""https://cdn.nba.com/manage/2025/12/harden2.jpg"",""category"":""news (archive),Top Stories"",""taxonomy"":{""categories"":{""news"":""news (archive)"",""top-stories"":""Top Stories""},""teams"":{""1610612737"":""Atlanta Hawks"",""1610612738"":""Boston Celtics"",""1610612739"":""Cleveland Cavaliers"",""1610612740"":""New Orleans Pelicans"",""1610612741"":""Chicago Bulls"",""1610612742"":""Dallas Mavericks"",""1610612743"":""Denver Nuggets"",""1610612744"":""Golden State Warriors"",""1610612745"":""Houston Rockets"",""1610612746"":""LA Clippers"",""1610612747"":""Los Angeles Lakers"",""1610612748"":""Miami Heat"",""1610612749"":""Milwaukee Bucks"",""1610612750"":""Minnesota Timberwolves"",""1610612751"":""Brooklyn Nets"",""1610612752"":""New York Knicks"",""1610612753"":""Orlando Magic"",""1610612754"":""Indiana Pacers"",""1610612755"":""Philadelphia 76ers"",""1610612756"":""Phoenix Suns"",""1610612757"":""Portland Trail Blazers"",""1610612758"":""Sacramento Kings"",""1610612759"":""San Antonio Spurs"",""1610612760"":""Oklahoma City Thunder"",""1610612761"":""Toronto Raptors"",""1610612762"":""Utah Jazz"",""1610612763"":""Memphis Grizzlies"",""1610612764"":""Washington Wizards"",""1610612765"":""Detroit Pistons"",""1610612766"":""Charlotte Hornets""}},""useUpdatedDate"":true,""shortTitle"":""Easiest \u0026 toughest schedules in December"",""tentpoleType"":"""",""showSponsorship"":true,""showWebviewAdBanner"":false,""showWebviewGraphicBanner"":true,""authorHide"":false,""hasFlourishEmbed"":false,""hideFromPlatform"":false,""coverImageId"":"""",""coverImage"":"""",""seo"":{""focus_keyword"":""December schedule"",""robots"":{""noindex"":false},""schema_type"":""article""},""wordCount"":1782,""author"":{""id"":22,""name"":""John Schuhmann""},""categoryPrimary"":{""name"":""Top Stories"",""slug"":""top-stories""}},{""id"":1914015,""type"":""post"",""name"":""nba-stats-milestone-watch-december-2025"",""title"":""10 stats milestones to watch for in December"",""status"":""publish"",""slug"":""nba-stats-milestone-watch-december-2025"",""permalink"":""https://www.nba.com/news/nba-stats-milestone-watch-december-2025"",""excerpt"":""As the last month of 2025 begins, these statistical milestones could be within reach."",""timestamp"":1764729859000,""date"":""2025-12-01T16:10:54Z"",""modified"":""2025-12-03T02:44:19Z"",""featuredImage"":""https://cdn.nba.com/manage/2025/10/GettyImages-2242113481.jpg"",""category"":""Top Stories"",""taxonomy"":{""categories"":{""top-stories"":""Top Stories""},""teams"":{""1610612737"":""Atlanta Hawks"",""1610612738"":""Boston Celtics"",""1610612739"":""Cleveland Cavaliers"",""1610612740"":""New Orleans Pelicans"",""1610612741"":""Chicago Bulls"",""1610612742"":""Dallas Mavericks"",""1610612743"":""Denver Nuggets"",""1610612744"":""Golden State Warriors"",""1610612745"":""Houston Rockets"",""1610612746"":""LA Clippers"",""1610612747"":""Los Angeles Lakers"",""1610612748"":""Miami Heat"",""1610612749"":""Milwaukee Bucks"",""1610612750"":""Minnesota Timberwolves"",""1610612751"":""Brooklyn Nets"",""1610612752"":""New York Knicks"",""1610612753"":""Orlando Magic"",""1610612754"":""Indiana Pacers"",""1610612755"":""Philadelphia 76ers"",""1610612756"":""Phoenix Suns"",""1610612757"":""Portland Trail Blazers"",""1610612758"":""Sacramento Kings"",""1610612759"":""San Antonio Spurs"",""1610612760"":""Oklahoma City Thunder"",""1610612761"":""Toronto Raptors"",""1610612762"":""Utah Jazz"",""1610612763"":""Memphis Grizzlies"",""1610612764"":""Washington Wizards"",""1610612765"":""Detroit Pistons"",""1610612766"":""Charlotte Hornets""}},""useUpdatedDate"":true,""shortTitle"":""10 stats milestones to watch for in Dec."",""tentpoleType"":"""",""showSponsorship"":true,""showWebviewAdBanner"":false,""showWebviewGraphicBanner"":true,""authorHide"":false,""hasFlourishEmbed"":false,""hideFromPlatform"":false,""coverImageId"":"""",""coverImage"":"""",""seo"":{""description"":""As the last month of 2025 begins, these statistical milestones could be within reach."",""focus_keyword"":""NBA stats milestones december"",""robots"":{""noindex"":false},""schema_type"":""article""},""wordCount"":1713,""author"":{""id"":99,""name"":""Jeff Case, NBA.com""},""categoryPrimary"":{""name"":""Top Stories"",""slug"":""top-stories""}},{""id"":1936595,""type"":""post"",""name"":""okc-thunder-pursuit-73-wins-2025-26"",""title"":""10 years after Warriors' record 73-9 run, OKC is on pace to rewrite history"",""status"":""publish"",""slug"":""okc-thunder-pursuit-73-wins-2025-26"",""permalink"":""https://www.nba.com/news/okc-thunder-pursuit-73-wins-2025-26"",""excerpt"":""A decade after Golden State made regular-season history, the Thunder find themselves well within range to usurp that mark."",""timestamp"":1764689725000,""date"":""2025-12-02T15:17:18Z"",""modified"":""2025-12-02T15:35:25Z"",""featuredImage"":""https://cdn.nba.com/manage/2025/12/thunder-bench.jpg"",""category"":""Top Stories"",""taxonomy"":{""categories"":{""top-stories"":""Top Stories""},""teams"":{""1610612760"":""Oklahoma City Thunder""},""players"":{""1627936"":""Alex Caruso"",""1628392"":""Isaiah Hartenstein"",""1628983"":""Shai Gilgeous-Alexander"",""1629652"":""Luguentz Dort"",""1630598"":""Aaron Wiggins"",""1631096"":""Chet Holmgren"",""1631114"":""Jalen Williams""}},""useUpdatedDate"":true,""shortTitle"":""Why OKC has shot at besting Warriors' 73-9 mark"",""tentpoleType"":"""",""showSponsorship"":true,""showWebviewAdBanner"":false,""showWebviewGraphicBanner"":true,""authorHide"":false,""hasFlourishEmbed"":false,""hideFromPlatform"":false,""coverImageId"":"""",""coverImage"":"""",""seo"":{""description"":""A decade after Golden State made regular-season history, the Thunder find themselves well within range to usurp that mark."",""focus_keyword"":""OKC Thunder 73 wins"",""robots"":{""noindex"":false},""schema_type"":""article""},""wordCount"":1366,""author"":{""id"":26,""name"":""Shaun Powell""},""categoryPrimary"":{""name"":""Top Stories"",""slug"":""top-stories""}},{""id"":1930425,""type"":""post"",""name"":""teams-better-or-worse-than-records"",""title"":""Which teams are better or worse than their records say?"",""status"":""publish"",""slug"":""teams-better-or-worse-than-records"",""permalink"":""https://www.nba.com/news/teams-better-or-worse-than-records"",""excerpt"":""Strength of schedule and shooting luck can tell us whether we can expect teams to improve or drop off in the coming weeks."",""timestamp"":1764489123000,""date"":""2025-11-28T13:34:22Z"",""modified"":""2025-11-30T07:52:03Z"",""featuredImage"":""https://cdn.nba.com/manage/2025/11/franz-wagner.jpg"",""category"":""Top Stories"",""taxonomy"":{""categories"":{""top-stories"":""Top Stories""},""teams"":{""1610612737"":""Atlanta Hawks"",""1610612738"":""Boston Celtics"",""1610612739"":""Cleveland Cavaliers"",""1610612740"":""New Orleans Pelicans"",""1610612741"":""Chicago Bulls"",""1610612742"":""Dallas Mavericks"",""1610612743"":""Denver Nuggets"",""1610612744"":""Golden State Warriors"",""1610612745"":""Houston Rockets"",""1610612746"":""LA Clippers"",""1610612747"":""Los Angeles Lakers"",""1610612748"":""Miami Heat"",""1610612749"":""Milwaukee Bucks"",""1610612750"":""Minnesota Timberwolves"",""1610612751"":""Brooklyn Nets"",""1610612752"":""New York Knicks"",""1610612753"":""Orlando Magic"",""1610612754"":""Indiana Pacers"",""1610612755"":""Philadelphia 76ers"",""1610612756"":""Phoenix Suns"",""1610612757"":""Portland Trail Blazers"",""1610612758"":""Sacramento Kings"",""1610612759"":""San Antonio Spurs"",""1610612760"":""Oklahoma City Thunder"",""1610612761"":""Toronto Raptors"",""1610612762"":""Utah Jazz"",""1610612763"":""Memphis Grizzlies"",""1610612764"":""Washington Wizards"",""1610612765"":""Detroit Pistons"",""1610612766"":""Charlotte Hornets""}},""useUpdatedDate"":true,""shortTitle"":""Teams that are better (or worse) than their records"",""tentpoleType"":"""",""showSponsorship"":true,""showWebviewAdBanner"":false,""showWebviewGraphicBanner"":true,""authorHide"":false,""hasFlourishEmbed"":false,""hideFromPlatform"":false,""coverImageId"":"""",""coverImage"":"""",""seo"":{""focus_keyword"":""better worse records"",""robots"":{""noindex"":false},""schema_type"":""article""},""wordCount"":1302,""author"":{""id"":22,""name"":""John Schuhmann""},""categoryPrimary"":{""name"":""Top Stories"",""slug"":""top-stories""}},{""id"":1930357,""type"":""post"",""name"":""kia-mvp-ladder-nov-28-2025"",""title"":""Kia MVP Ladder: Steady, impressive Nikola Jokić continues to lead the pack"",""status"":""publish"",""slug"":""kia-mvp-ladder-nov-28-2025"",""permalink"":""https://www.nba.com/news/kia-mvp-ladder-nov-28-2025"",""excerpt"":""Nikola Jokić's triple-double production and overall stability keep him perched at No. 1 as the Top 5 holds steady."",""timestamp"":1764616286000,""date"":""2025-11-28T13:15:06Z"",""modified"":""2025-12-01T19:11:26Z"",""featuredImage"":""https://cdn.nba.com/manage/2025/11/jokic-iso-112825-scaled.jpg"",""category"":""Kia MVP Ladder,Top Stories"",""taxonomy"":{""categories"":{""kia-race-to-the-mvp-ladder"":""Kia MVP Ladder"",""top-stories"":""Top Stories""},""teams"":{""1610612737"":""Atlanta Hawks"",""1610612739"":""Cleveland Cavaliers"",""1610612743"":""Denver Nuggets"",""1610612744"":""Golden State Warriors"",""1610612745"":""Houston Rockets"",""1610612747"":""Los Angeles Lakers"",""1610612749"":""Milwaukee Bucks"",""1610612750"":""Minnesota Timberwolves"",""1610612752"":""New York Knicks"",""1610612755"":""Philadelphia 76ers"",""1610612759"":""San Antonio Spurs"",""1610612760"":""Oklahoma City Thunder"",""1610612761"":""Toronto Raptors"",""1610612765"":""Detroit Pistons""},""players"":{""201939"":""Stephen Curry"",""203507"":""Giannis Antetokounmpo"",""203999"":""NIkola Jokic"",""1627742"":""Brandon Ingram"",""1628378"":""Donovan Mitchell"",""1628973"":""Jalen Brunson"",""1628983"":""Shai Gilgeous-Alexander"",""1629029"":""Luka Doncic"",""1630162"":""Anthony Edwards"",""1630178"":""Tyrese Maxey"",""1630552"":""Jalen Johnson"",""1630559"":""Austin Reaves"",""1630578"":""Alperen Sengun"",""1630595"":""Cade Cunningham"",""1641705"":""Victor Wembanyama""}},""useUpdatedDate"":true,""shortTitle"":""Kia MVP Ladder: Jokić keeps hold of top spot"",""tentpoleType"":"""",""showSponsorship"":true,""showWebviewAdBanner"":false,""showWebviewGraphicBanner"":true,""authorHide"":false,""hasFlourishEmbed"":false,""hideFromPlatform"":false,""coverImageId"":"""",""coverImage"":"""",""seo"":{""description"":""Nikola Jokić's triple-double production and overall stability keep him perched at No. 1 as the Top 5 holds steady."",""focus_keyword"":""kia mvp ladder"",""robots"":{""noindex"":false},""schema_type"":""article""},""wordCount"":1260,""author"":{""id"":26,""name"":""Shaun Powell""},""categoryPrimary"":{""name"":""Kia MVP Ladder"",""slug"":""kia-race-to-the-mvp-ladder""}},{""id"":1935183,""type"":""post"",""name"":""nba-fantasy-start-sit-guide-for-week-7-2025"",""title"":""NBA Fantasy: Start/sit guide for Week 7"",""status"":""publish"",""slug"":""nba-fantasy-start-sit-guide-for-week-7-2025"",""permalink"":""https://www.nba.com/news/nba-fantasy-start-sit-guide-for-week-7-2025"",""excerpt"":""RotoWire targets the best players to start at each position heading into Week 7 of fantasy basketball."",""timestamp"":1764619416000,""date"":""2025-12-01T20:03:36Z"",""modified"":""2025-12-01T20:03:36Z"",""featuredImage"":""https://cdn.nba.com/manage/2025/12/GettyImages-2248547420_cropped_processed_by_imagy-scaled.jpg"",""category"":""Fantasy,Top Stories"",""taxonomy"":{""categories"":{""fantasy"":""Fantasy"",""top-stories"":""Top Stories""},""tags"":{""fantasy"":""Fantasy"",""fantasy-basketball"":""Fantasy Basketball"",""fantasy-basketball-start-sit"":""Fantasy Basketball Start/Sit"",""nba-fantasy"":""NBA Fantasy""},""players"":{""203994"":""Jusuf Nurkic"",""1628976"":""Wendell Carter Jr."",""1629632"":""Coby White"",""1629639"":""Tyler Herro"",""1629656"":""Quentin Grimes"",""1631095"":""Jabari Smith Jr.""}},""useUpdatedDate"":false,""shortTitle"":""NBA Fantasy: Start/sit guide for Week 7"",""tentpoleType"":"""",""showSponsorship"":true,""showWebviewAdBanner"":false,""showWebviewGraphicBanner"":true,""authorHide"":false,""hasFlourishEmbed"":false,""hideFromPlatform"":false,""coverImageId"":"""",""coverImage"":"""",""seo"":{""description"":""RotoWire targets the best players to start at each position heading into Week 7 of fantasy basketball."",""focus_keyword"":""NBA Fantasy Start/Sit Guide Week 7"",""robots"":{""noindex"":false},""schema_type"":""article""},""wordCount"":1232,""author"":{""id"":27,""name"":""NBA.com Staff""},""categoryPrimary"":{""name"":""Fantasy"",""slug"":""fantasy""}},{""id"":1935168,""type"":""post"",""name"":""the-athletic-the-knicks-have-entered-the-chat-at-the-top-of-the-east"",""title"":""The Athletic: The Knicks have entered the chat at the top of the East"",""status"":""publish"",""slug"":""the-athletic-the-knicks-have-entered-the-chat-at-the-top-of-the-east"",""permalink"":""https://www.nba.com/news/the-athletic-the-knicks-have-entered-the-chat-at-the-top-of-the-east"",""excerpt"":""New York is figuring things while still winning. After a bumpy start to season, the Knicks are where we thought they would be."",""timestamp"":1764619395000,""date"":""2025-12-01T20:03:15Z"",""modified"":""2025-12-01T21:12:54Z"",""featuredImage"":""https://cdn.nba.com/manage/2025/12/GettyImages-2248633884-scaled.jpg"",""category"":""NBA News From The Athletic,Top Stories"",""taxonomy"":{""categories"":{""nba-news-from-the-athletic"":""NBA News From The Athletic"",""top-stories"":""Top Stories""},""teams"":{""1610612752"":""New York Knicks""},""players"":{""1626157"":""Karl-Anthony Towns"",""1628384"":""OG Anunoby"",""1628404"":""Josh Hart"",""1628969"":""Mikal Bridges"",""1628973"":""Jalen Brunson"",""1629011"":""Mitchell Robinson"",""1630540"":""Miles McBride"",""1642278"":""Tyler Kolek""}},""useUpdatedDate"":false,""shortTitle"":""The Athletic: Knicks have entered the chat at top of East"",""tentpoleType"":"""",""showSponsorship"":true,""showWebviewAdBanner"":false,""showWebviewGraphicBanner"":true,""authorHide"":false,""hasFlourishEmbed"":false,""hideFromPlatform"":false,""coverImageId"":"""",""coverImage"":"""",""seo"":{""description"":""New York is figuring things while still winning. After a bumpy start to season, the Knicks are where we thought they would be."",""focus_keyword"":""The Athletic: The Knicks have entered the chat at the top of the East"",""robots"":{""noindex"":false},""schema_type"":""article""},""wordCount"":1033,""author"":{""id"":27,""name"":""NBA.com Staff""},""categoryPrimary"":{""name"":""NBA News From The Athletic"",""slug"":""nba-news-from-the-athletic""}},{""id"":1927162,""type"":""post"",""name"":""bleacher-report-nba-mock-draft-nov-2025"",""title"":""Bleacher Report: Who would go No. 1 if NBA Draft was tomorrow?"",""status"":""publish"",""slug"":""bleacher-report-nba-mock-draft-nov-2025"",""permalink"":""https://www.nba.com/news/bleacher-report-nba-mock-draft-nov-2025"",""excerpt"":""B/R's Jonathan Wasserman checks in with his latest Mock Draft and makes predictions for all 60 picks in the 2026 NBA Draft."",""timestamp"":1764170562000,""date"":""2025-11-26T15:22:42Z"",""modified"":""2025-12-02T03:40:00Z"",""featuredImage"":""https://cdn.nba.com/manage/2025/11/GettyImages-2245928312-scaled-e1764106927935.jpg"",""category"":""2026 NBA Draft on B/R,Top Stories"",""taxonomy"":{""categories"":{""2026-nba-draft-on-b-r"":""2026 NBA Draft on B/R"",""top-stories"":""Top Stories""}},""useUpdatedDate"":false,""shortTitle"":""B/R: Who would go No. 1 if NBA Draft was tomorrow?"",""tentpoleType"":"""",""showSponsorship"":true,""showWebviewAdBanner"":false,""showWebviewGraphicBanner"":true,""authorHide"":false,""hasFlourishEmbed"":false,""hideFromPlatform"":false,""coverImageId"":"""",""coverImage"":"""",""seo"":{""description"":""B/R's Jonathan Wasserman checks in with his latest Mock Draft and makes predictions for all 60 picks in the 2026 NBA Draft."",""focus_keyword"":""NBA mock draft"",""robots"":{""noindex"":true},""schema_type"":""article""},""wordCount"":6434,""author"":{""id"":27,""name"":""NBA.com Staff""},""categoryPrimary"":{""name"":""2026 NBA Draft on B/R"",""slug"":""2026-nba-draft-on-b-r""}},{""id"":1928093,""type"":""post"",""name"":""kia-rookie-ladder-nov-26-2025"",""title"":""Kia Rookie Ladder: Cooper Flagg, Derik Queen gain ground in chase to top"",""status"":""publish"",""slug"":""kia-rookie-ladder-nov-26-2025"",""permalink"":""https://www.nba.com/news/kia-rookie-ladder-nov-26-2025"",""excerpt"":""Kon Knueppel keeps hold of No. 1 as the Top 5 fray gets jostled a bit in this week's Kia Rookie Ladder."",""timestamp"":1764214479000,""date"":""2025-11-26T15:40:22Z"",""modified"":""2025-11-27T03:34:39Z"",""featuredImage"":""https://cdn.nba.com/manage/2025/11/flagg1.jpg"",""category"":""Kia Rookie Ladder,Top Stories"",""taxonomy"":{""categories"":{""kia-rookie-ladder"":""Kia Rookie Ladder"",""top-stories"":""Top Stories""},""teams"":{""1610612740"":""New Orleans Pelicans"",""1610612742"":""Dallas Mavericks"",""1610612744"":""Golden State Warriors"",""1610612751"":""Brooklyn Nets"",""1610612755"":""Philadelphia 76ers"",""1610612759"":""San Antonio Spurs"",""1610612761"":""Toronto Raptors"",""1610612762"":""Utah Jazz"",""1610612763"":""Memphis Grizzlies"",""1610612764"":""Washington Wizards"",""1610612766"":""Charlotte Hornets""},""players"":{""1641750"":""Ryan Kalkbrenner"",""1642843"":""Cooper Flagg"",""1642845"":""VJ Edgecombe"",""1642846"":""Ace Bailey"",""1642847"":""Jeremiah Fears"",""1642848"":""Tre Johnson"",""1642851"":""Kon Knueppel"",""1642852"":""Derik Queen"",""1642856"":""Egor Dëmin"",""1642907"":""Cedric Coward""}},""useUpdatedDate"":true,""shortTitle"":""Kia Rookie Ladder: Flagg gaining on No. 1"",""tentpoleType"":"""",""showSponsorship"":true,""showWebviewAdBanner"":false,""showWebviewGraphicBanner"":true,""authorHide"":false,""hasFlourishEmbed"":false,""hideFromPlatform"":false,""coverImageId"":"""",""coverImage"":"""",""seo"":{""description"":""Kon Knueppel keeps hold of No. 1 as a few new names join the Top 5 fray in this week's Kia Rookie Ladder."",""focus_keyword"":""Kia Rookie Ladder"",""robots"":{""noindex"":false},""schema_type"":""article""},""wordCount"":1798,""author"":{""id"":21,""name"":""Steve Aschburner""},""categoryPrimary"":{""name"":""Kia Rookie Ladder"",""slug"":""kia-rookie-ladder""}},{""id"":1925129,""type"":""post"",""name"":""suns-strong-start-2025-26-season"",""title"":""Suns upend dreary preseason projections with hot start"",""status"":""publish"",""slug"":""suns-strong-start-2025-26-season"",""permalink"":""https://www.nba.com/news/suns-strong-start-2025-26-season"",""excerpt"":""A revamped roster, new coach and an 11-6 start have Phoenix looking sharper than expected this season."",""timestamp"":1764003148000,""date"":""2025-11-24T16:48:17Z"",""modified"":""2025-11-24T16:52:28Z"",""featuredImage"":""https://cdn.nba.com/manage/2025/11/devin-booker2.jpg"",""category"":""Top Stories"",""taxonomy"":{""categories"":{""top-stories"":""Top Stories""},""teams"":{""1610612745"":""Houston Rockets"",""1610612756"":""Phoenix Suns""},""players"":{""101108"":""Chris Paul"",""203078"":""Bradley Beal"",""1626164"":""Devin Booker"",""1628415"":""Dillon Brooks"",""1628960"":""Grayson Allen"",""1630224"":""Jalen Green"",""1631109"":""Mark Williams""}},""useUpdatedDate"":true,""shortTitle"":""Suns surprise with solid start to open season"",""tentpoleType"":"""",""showSponsorship"":true,""showWebviewAdBanner"":false,""showWebviewGraphicBanner"":true,""authorHide"":false,""hasFlourishEmbed"":false,""hideFromPlatform"":false,""coverImageId"":"""",""coverImage"":"""",""seo"":{""description"":""A revamped roster, new coach and an 11-6 start have Phoenix looking sharper than expected this season."",""focus_keyword"":""Suns hot start"",""robots"":{""noindex"":false},""schema_type"":""article""},""wordCount"":1357,""author"":{""id"":26,""name"":""Shaun Powell""},""categoryPrimary"":{""name"":""Top Stories"",""slug"":""top-stories""}},{""id"":1918961,""type"":""post"",""name"":""cade-cunningham-fueling-pistons-rise"",""title"":""Cade Cunningham driven by mission to turn Pistons around"",""status"":""publish"",""slug"":""cade-cunningham-fueling-pistons-rise"",""permalink"":""https://www.nba.com/news/cade-cunningham-fueling-pistons-rise"",""excerpt"":""Cade Cunningham is savoring the team's success these days after stomaching a 28-game losing streak early in his career."",""timestamp"":1763661222000,""date"":""2025-11-20T14:01:10Z"",""modified"":""2025-11-20T17:53:42Z"",""featuredImage"":""https://cdn.nba.com/manage/2025/11/cade1-1.jpg"",""category"":""Top Stories"",""taxonomy"":{""categories"":{""top-stories"":""Top Stories""},""teams"":{""1610612765"":""Detroit Pistons""},""players"":{""202699"":""Tobias Harris"",""1630595"":""Cade Cunningham"",""1631093"":""Jaden Ivey"",""1631105"":""Jalen Duren"",""1642450"":""Daniss Jenkins""}},""useUpdatedDate"":true,""shortTitle"":""Cunningham's singular focus driving Pistons' rise"",""tentpoleType"":"""",""showSponsorship"":true,""showWebviewAdBanner"":false,""showWebviewGraphicBanner"":true,""authorHide"":false,""hasFlourishEmbed"":false,""hideFromPlatform"":false,""coverImageId"":"""",""coverImage"":"""",""seo"":{""description"":""Cade Cunningham is savoring the team's success these days after stomaching a 28-game losing streak early in his career."",""focus_keyword"":""Cade Cunningham Pistons"",""robots"":{""noindex"":false},""schema_type"":""article""},""wordCount"":1629,""author"":{""id"":26,""name"":""Shaun Powell""},""categoryPrimary"":{""name"":""Top Stories"",""slug"":""top-stories""}},{""id"":1919309,""type"":""post"",""name"":""emirates-nba-cup-2025-clinching-scenarios"",""title"":""2025 Emirates NBA Cup: How they clinched to advance out of Group Play"",""status"":""publish"",""slug"":""emirates-nba-cup-2025-clinching-scenarios"",""permalink"":""https://www.nba.com/news/emirates-nba-cup-2025-clinching-scenarios"",""excerpt"":""Emirates NBA Cup Group Play closes with the Magic, Knicks, Heat, Thunder, Spurs \u0026 Suns claiming the remaining quarterfinal spots."",""timestamp"":1764401586000,""date"":""2025-11-20T17:52:09Z"",""modified"":""2025-11-29T07:33:06Z"",""featuredImage"":""https://cdn.nba.com/manage/2025/11/GettyImages-2248381725-scaled-e1764393969401.jpg"",""category"":""Emirates NBA Cup 2025,Top Stories"",""taxonomy"":{""categories"":{""emirates-nba-cup-2025"":""Emirates NBA Cup 2025"",""top-stories"":""Top Stories""},""teams"":{""1610612737"":""Atlanta Hawks"",""1610612738"":""Boston Celtics"",""1610612739"":""Cleveland Cavaliers"",""1610612740"":""New Orleans Pelicans"",""1610612741"":""Chicago Bulls"",""1610612742"":""Dallas Mavericks"",""1610612743"":""Denver Nuggets"",""1610612744"":""Golden State Warriors"",""1610612745"":""Houston Rockets"",""1610612746"":""LA Clippers"",""1610612747"":""Los Angeles Lakers"",""1610612748"":""Miami Heat"",""1610612749"":""Milwaukee Bucks"",""1610612750"":""Minnesota Timberwolves"",""1610612751"":""Brooklyn Nets"",""1610612752"":""New York Knicks"",""1610612753"":""Orlando Magic"",""1610612754"":""Indiana Pacers"",""1610612755"":""Philadelphia 76ers"",""1610612756"":""Phoenix Suns"",""1610612757"":""Portland Trail Blazers"",""1610612758"":""Sacramento Kings"",""1610612759"":""San Antonio Spurs"",""1610612760"":""Oklahoma City Thunder"",""1610612761"":""Toronto Raptors"",""1610612762"":""Utah Jazz"",""1610612763"":""Memphis Grizzlies"",""1610612764"":""Washington Wizards"",""1610612765"":""Detroit Pistons"",""1610612766"":""Charlotte Hornets""}},""useUpdatedDate"":true,""shortTitle"":""Emirates NBA Cup: How they clinched in Group Play"",""tentpoleType"":"""",""showSponsorship"":true,""showWebviewAdBanner"":false,""showWebviewGraphicBanner"":true,""authorHide"":false,""hasFlourishEmbed"":false,""hideFromPlatform"":false,""coverImageId"":"""",""coverImage"":"""",""seo"":{""description"":""Check out the latest scenarios for clinching, seeding and elimination in the 2025 Emirates NBA Cup."",""focus_keyword"":""Emirates NBA Cup scenarios"",""robots"":{""noindex"":false},""schema_type"":""article""},""wordCount"":756,""author"":{""id"":29,""name"":""From NBA.com Staff""},""categoryPrimary"":{""name"":""Emirates NBA Cup 2025"",""slug"":""emirates-nba-cup-2025""}},{""id"":1919044,""type"":""post"",""name"":""biggest-changes-usage-possession-time-2025-26"",""title"":""Whose usage and time of possession is up (or down) this season?"",""status"":""publish"",""slug"":""biggest-changes-usage-possession-time-2025-26"",""permalink"":""https://www.nba.com/news/biggest-changes-usage-possession-time-2025-26"",""excerpt"":""Dig into which players have seen their time of possession and usage time rise (or fall) the most in 2025-26."",""timestamp"":1763652220000,""date"":""2025-11-20T15:23:40Z"",""modified"":""2025-11-20T15:23:40Z"",""featuredImage"":""https://cdn.nba.com/manage/2025/11/brooks1.jpg"",""category"":""Top Stories"",""taxonomy"":{""categories"":{""top-stories"":""Top Stories""},""teams"":{""1610612737"":""Atlanta Hawks"",""1610612738"":""Boston Celtics"",""1610612739"":""Cleveland Cavaliers"",""1610612740"":""New Orleans Pelicans"",""1610612741"":""Chicago Bulls"",""1610612742"":""Dallas Mavericks"",""1610612743"":""Denver Nuggets"",""1610612744"":""Golden State Warriors"",""1610612745"":""Houston Rockets"",""1610612746"":""LA Clippers"",""1610612747"":""Los Angeles Lakers"",""1610612748"":""Miami Heat"",""1610612749"":""Milwaukee Bucks"",""1610612750"":""Minnesota Timberwolves"",""1610612751"":""Brooklyn Nets"",""1610612752"":""New York Knicks"",""1610612753"":""Orlando Magic"",""1610612754"":""Indiana Pacers"",""1610612755"":""Philadelphia 76ers"",""1610612756"":""Phoenix Suns"",""1610612757"":""Portland Trail Blazers"",""1610612758"":""Sacramento Kings"",""1610612759"":""San Antonio Spurs"",""1610612760"":""Oklahoma City Thunder"",""1610612761"":""Toronto Raptors"",""1610612762"":""Utah Jazz"",""1610612763"":""Memphis Grizzlies"",""1610612764"":""Washington Wizards"",""1610612765"":""Detroit Pistons"",""1610612766"":""Charlotte Hornets""}},""useUpdatedDate"":true,""shortTitle"":""Whose usage \u0026 possession time has risen the most?"",""tentpoleType"":"""",""showSponsorship"":true,""showWebviewAdBanner"":false,""showWebviewGraphicBanner"":true,""authorHide"":false,""hasFlourishEmbed"":false,""hideFromPlatform"":false,""coverImageId"":"""",""coverImage"":"""",""seo"":{""description"":""Dig into which players have seen their time of possession and usage time rise (or fall) the most in 2025-26."",""focus_keyword"":""Usage time of possession NBA"",""robots"":{""noindex"":false},""schema_type"":""article""},""wordCount"":1020,""author"":{""id"":22,""name"":""John Schuhmann""},""categoryPrimary"":{""name"":""Top Stories"",""slug"":""top-stories""}},{""id"":1899150,""type"":""post"",""name"":""2026-nba-all-star-game-new-format"",""title"":""2026 NBA All-Star Game to feature new U.S. vs. World competition"",""status"":""publish"",""slug"":""2026-nba-all-star-game-new-format"",""permalink"":""https://www.nba.com/news/2026-nba-all-star-game-new-format"",""excerpt"":""Two U.S. teams and one World team will battle it out in a round-robin tournament with four 12-minute games."",""timestamp"":1762914080000,""date"":""2025-11-12T02:21:20Z"",""modified"":""2025-11-12T14:29:30Z"",""featuredImage"":""https://cdn.nba.com/manage/2025/11/All-Star-26-Explainer-AS26-v716x9_03.png"",""category"":""2026 All-Star,Top Stories"",""taxonomy"":{""categories"":{""2026-all-star"":""2026 All-Star"",""top-stories"":""Top Stories""}},""useUpdatedDate"":false,""shortTitle"":""USA vs. World format for '26 All-Star Game"",""tentpoleType"":"""",""showSponsorship"":true,""showWebviewAdBanner"":false,""showWebviewGraphicBanner"":false,""authorHide"":false,""hasFlourishEmbed"":false,""hideFromPlatform"":false,""coverImageId"":"""",""coverImage"":"""",""seo"":{""focus_keyword"":""2026 NBA All-Star Game"",""estimated_reading_time_minutes"":""5"",""robots"":{""noindex"":false},""schema_type"":""article""},""wordCount"":339,""author"":{""id"":20,""name"":""Official release""},""categoryPrimary"":{""name"":""2026 All-Star"",""slug"":""2026-all-star""}}]}}],""siderail"":[{""type"":""ad"",""adType"":""noMinHeight"",""id"":32522,""placementId"":""home_ad_r_1""},{""id"":5,""type"":""watch_live"",""title"":""NBA LEAGUE PASS"",""placementId"":""homePage_sideRail_module0"",""value"":{""carousels"":[{""id"":1,""type"":""promo_carousel_lp"",""descriptionOne"":""EVERY LIVE GAME. EVERY LIVE MOMENT."",""descriptionTwo"":""League Pass is your ticket to see every angle of every game. Sign up now to get live and on-demand games with new features, exclusive streams, and customizable languages."",""cta"":""TRY FREE"",""ctaUrl"":""https://www.nba.com/watch/league-pass-stream"",""ctaSkuDomestic"":"""",""ctaSkuInternational"":"""",""legalText"":"""",""image"":{""altText"":"""",""url"":""https://cdn.nba.com/manage/2023/10/lp-promo-right-rail.png"",""id"":1191492},""style"":""top_banner"",""logo"":{""altText"":"""",""url"":""https://cdn.nba.com/manage/2023/02/NBA_League_Pass_horiz_onDkBkgd-2.png"",""id"":1034918},""collection"":{""slug"":""empty-collection-do-not-add-content-to-this-collection"",""permalink"":""https://www.nba.com/watch/list/collection/empty-collection-do-not-add-content-to-this-collection"",""videos"":[]}},{""id"":2,""type"":""promo_carousel_nbatv"",""descriptionOne"":""EVERY LIVE GAME. EVERY LIVE MOMENT."",""descriptionTwo"":""League Pass is your ticket to see every angle of every game. Sign up now to get live and on-demand games with new features, exclusive streams, and customizable languages."",""cta"":""Try Free"",""ctaUrl"":""https://www.nba.com/watch/league-pass-stream"",""ctaSkuDomestic"":""BLPUS"",""ctaSkuInternational"":""BLPP"",""legalText"":"""",""image"":{""altText"":"""",""url"":""https://cdn.nba.com/manage/2023/10/Promo_bg_908x302.png"",""id"":1191493},""style"":""bottom_banner"",""logo"":{""altText"":"""",""url"":"""",""id"":0},""collection"":{""slug"":""empty-collection-do-not-add-content-to-this-collection"",""permalink"":""https://www.nba.com/watch/list/collection/empty-collection-do-not-add-content-to-this-collection"",""videos"":[]}}],""homePageContent"":{""mainFeed"":{""leaguePassPromoUs"":{""descriptionOne"":""SHOOTING FOR THE PERFECT GIFT? GIVE LIVE GAMES."",""descriptionTwo"":""Unwrap more games with NBA League Pass. Send a 12-month League Pass subscription now or schedule it for later."",""cta"":""GIFT NOW"",""ctaUrl"":""https://www.nba.com/watch/league-pass-stream/gift"",""legalText"":"""",""analyticId"":""direct-to-payment;domestic;hpmcw;11-29-25;Gifting"",""image"":{""altText"":"""",""id"":""1932266"",""url"":""https://cdn.nba.com/manage/2025/11/377c1a5d-8853-4edf-b948-258bd82f0864.png""},""logo"":{""altText"":"""",""id"":""1925113"",""url"":""https://cdn.nba.com/manage/2025/11/NBA_League_Pass_horiz_onDkBkgd_NEWLOGO-1.png""}},""leaguePassPromoIntl"":{""descriptionOne"":""STREAM EVERY EMIRATES NBA CUP GAME LIKE YOU’RE COURTSIDE"",""descriptionTwo"":""League Pass has the best seat in the house for Cup Nights. Sign up today to stream the chase for the Cup commercial-free with Premium."",""cta"":""SIGN UP NOW"",""ctaUrl"":""https://www.nba.com/purchase-redirect?sku=BLPE"",""legalText"":"""",""analyticId"":""direct-to-payment;international;hpmcw;10-31-25;BLPE"",""image"":{""altText"":"""",""id"":""1893387"",""url"":""https://cdn.nba.com/manage/2025/11/BG-MIDDLE-LP@2x-1.jpg""},""logo"":{""altText"":"""",""id"":""1836343"",""url"":""https://cdn.nba.com/manage/2025/09/NBA_League_Pass_horiz_onDkBkgd_NEWLOGO-1.png""}}},""sideRail"":{""leaguePassPromoUs"":{""descriptionOne"":""GIVE THE GIFT OF STREAMING HOOPS"",""descriptionTwo"":""Get a present that lasts all year — give a 12-month League Pass gift subscription."",""cta"":""GIFT NOW"",""ctaUrl"":""https://www.nba.com/watch/league-pass-stream/gift"",""legalText"":"""",""analyticId"":""direct-to-payment;domestic;hpsiderail;11-29-25;GIFTING"",""image"":{""altText"":"""",""id"":""1932265"",""url"":""https://cdn.nba.com/manage/2025/11/724f7749-1d64-498a-83a7-66ff7a14abee.png""},""logo"":{""altText"":"""",""id"":""1925113"",""url"":""https://cdn.nba.com/manage/2025/11/NBA_League_Pass_horiz_onDkBkgd_NEWLOGO-1.png""}},""leaguePassPromoIntl"":{""descriptionOne"":""STREAM EVERY EMIRATES NBA CUP GAME"",""descriptionTwo"":""Don’t miss a second of the Emirates NBA Cup. Get League Pass Premium today to stream games live or download for later."",""cta"":""SIGN UP NOW"",""ctaUrl"":""https://www.nba.com/purchase-redirect?sku=BLPE"",""legalText"":"""",""analyticId"":""direct-to-payment;international;hpsiderail;10-31-25;BLPE"",""image"":{""altText"":"""",""id"":""1893388"",""url"":""https://cdn.nba.com/manage/2025/11/BG-SIDE-LP@2x-1.jpg""},""logo"":{""altText"":"""",""id"":""1836340"",""url"":""https://cdn.nba.com/manage/2025/09/NBA_League_Pass_horiz_onDkBkgd_NEWLOGO.png""}}}}}},{""id"":6,""type"":""social_urls"",""title"":""FOLLOW THE NBA"",""value"":{""name"":""Footer Social"",""id"":5,""location"":""footer_social"",""links"":[{""id"":171872,""order"":1,""text"":""Facebook"",""href"":""https://facebook.com/nba"",""type"":""custom"",""icon"":""facebook""},{""id"":171839,""order"":2,""text"":""Instagram"",""href"":""https://instagram.com/nba/?hl=en"",""type"":""custom"",""icon"":""instagram""},{""id"":171823,""order"":3,""text"":""Snapchat"",""href"":""https://snapchat.com/add/nba"",""type"":""custom"",""icon"":""snapchat""},{""id"":398112,""order"":4,""text"":""TikTok"",""href"":""https://www.tiktok.com/@nba"",""type"":""custom"",""icon"":""tiktok""},{""id"":172189,""order"":5,""text"":""Twitter"",""href"":""https://twitter.com/NBA"",""type"":""custom"",""icon"":""twitter""},{""id"":171306,""order"":6,""text"":""Youtube"",""href"":""https://youtube.com/user/NBA"",""type"":""custom"",""icon"":""youtube""},{""id"":492006,""order"":7,""text"":""Twitch"",""href"":""https://www.twitch.tv/nba"",""type"":""custom"",""icon"":""twitch""}]}},{""id"":7,""type"":""social_impact"",""title"":""SOCIAL IMPACT""},{""id"":8,""type"":""menu"",""title"":""QUICK LINKS"",""value"":{""name"":""Homepage Right Rail Quick Links"",""id"":26305,""location"":"""",""links"":[{""id"":1225137,""order"":1,""text"":""NBA Store"",""href"":""https://store.nba.com/source/bm-nbacom-hp"",""type"":""custom"",""icon"":""""},{""id"":565927,""order"":2,""text"":""Fantasy"",""href"":""https://www.nba.com/fantasy"",""type"":""custom"",""icon"":""""},{""id"":604110,""order"":3,""text"":""NBA History"",""href"":""https://www.nba.com/history"",""type"":""custom"",""icon"":""""},{""id"":394618,""order"":4,""text"":""NBA Official"",""href"":""https://official.nba.com"",""type"":""custom"",""icon"":""""},{""id"":412378,""order"":5,""text"":""Key Dates"",""href"":""https://www.nba.com/news/key-dates"",""type"":""custom"",""icon"":""""},{""id"":671829,""order"":6,""text"":""LockerVision"",""href"":""https://lockervision.nba.com"",""type"":""custom"",""icon"":""""},{""id"":1380802,""order"":7,""text"":""NBA Fitness"",""href"":""https://www.nba.com/nba-fitness"",""type"":""custom"",""icon"":""""},{""id"":1193919,""order"":8,""text"":""NBA Podcasts"",""href"":""https://www.nba.com/podcasts"",""type"":""custom"",""icon"":""""},{""id"":1002633,""order"":9,""text"":""Learn The Game"",""href"":""https://www.nba.com/learn-the-game"",""type"":""custom"",""icon"":""""},{""id"":1188374,""order"":10,""text"":""Starting 5 Daily Newsletter"",""href"":""https://www.nba.com/starting5"",""type"":""custom"",""icon"":""""},{""id"":1372304,""order"":11,""text"":""NBA Experiences"",""href"":""https://nbaexperiences.com"",""type"":""custom"",""icon"":""""}]}}]},""region"":""united-states"",""homepageSettings"":{""draft"":{""seasonYear"":2025,""enableDraftTracker"":false}}},""xRegionMap"":""united-states"",""isIndex"":true,""cmsSiteSettings"":{""games"":{""banner"":{""cta"":{}},""showPromoBanner"":false,""disableSingleGamesPurchaseWeb"":true,""disableGamesPlayerMultiview"":false,""overrideGamePageDate"":false,""leaguePassArchiveRestrictionsInternational"":2012,""leaguePassArchiveRestrictionsDomestic"":2012,""ctaBanner"":{""isPublished"":false,""title"":""Keep up with the Cup"",""description"":""Tap into the Emirates NBA Cup with the latest scores, standings, and highlights."",""cta"":{""label"":""Visit"",""link"":""gametime://tentpole?categoryId=51696""},""hide"":true},""ctaBanners"":[{""isPublished"":false,""title"":""Keep up with the Cup"",""description"":""Tap into the Emirates NBA Cup with the latest scores, standings, and highlights."",""cta"":{""label"":""Visit"",""link"":""gametime://tentpole?categoryId=51696""},""type"":""domestic"",""hide"":true},{""isPublished"":false,""title"":""Keep up with the Cup"",""description"":""Tap into the Emirates NBA Cup with the latest scores, standings, and highlights."",""cta"":{""label"":""Visit"",""link"":""gametime://tentpole?categoryId=51696""},""type"":""international"",""hide"":true}],""placementId"":"""",""cupGameSeries"":[{""nbaCupGameType"":""IstKnockoutGame"",""ctaText"":""View Bracket"",""appUrl"":""gametime://tentpole?categoryId=51696""},{""nbaCupGameType"":""IstGroupGame"",""ctaText"":""View Standings"",""appUrl"":""gametime://tentpole?categoryId=51696\u0026tabId=1799807""}]},""global"":{""isOffSeason"":false,""hideTicketLinks"":false,""hideScoreStrip"":false,""mobileWatchLink"":""https://app.link.nba.com/games"",""winProbabilityLink"":""https://join.pointsbet.com/nba-win-probability/"",""winProbabilityLogoLink"":""https://join.pointsbet.com/nba-win-probability/?utm_source=Unbounce_NBA\u0026utm_medium=NBA\u0026utm_campaign=Risk_Free_2_200_NBA_Win_Probability\u0026utm_term=Unbounce\u0026utm_content=NBA\u0026promo=NBAWIN"",""isPromoNight"":false,""promoNightType"":""none"",""promoNightTimeWindow"":{""from"":""2025-11-28T06:00:00+00:00"",""to"":""2025-11-29T13:00:00+00:00""},""removeBallyBranding"":false,""mobileLeaguePassBackground"":"""",""mobileLeaguePassLogo"":"""",""lpAcquisitionCard"":{""domestic"":{""sku"":""BLPEUS"",""controlImageUrl"":""https://cdn.nba.com/manage/2025/10/NBA_LP_16x9_On-Sale_FYF_Card_No_Logo.jpg"",""variantAImageUrl"":""https://cdn.nba.com/manage/2024/10/LP-square.jpg"",""variantBImageUrl"":""""},""international"":{""sku"":""BLPE"",""controlImageUrl"":""https://cdn.nba.com/manage/2025/10/NBA_LP_16x9_On-Sale_FYF_Card_No_Logo.jpg"",""variantAImageUrl"":""https://cdn.nba.com/manage/2024/10/LP-square.jpg"",""variantBImageUrl"":""""}},""topBarCustomizations"":{""domestic"":{""assetDesktopWeb"":"""",""assetMobileWeb"":"""",""clickthruUrl"":"""",""isLeaguePass"":false,""analyticsId"":""""},""international"":{""assetDesktopWeb"":"""",""assetMobileWeb"":"""",""clickthruUrl"":"""",""isLeaguePass"":false,""analyticsId"":""""},""pageList"":""""}},""seasonConfigs"":[],""standings"":{""showBracket"":""no-bracket"",""description"":"""",""bracketTitle"":"""",""bracketParagraph"":"""",""ctaLabel"":"""",""ctaLink"":""""},""homepage"":{""draft"":{""seasonYear"":2025,""enableDraftTracker"":false}},""schedule"":{""month"":""""},""targetMarkets"":{}},""clientConfigSettings"":{""client"":""Web"",""features"":{""interstitialOffers"":[{""offerType"":""nbaIdPromo"",""conditions"":{""date"":{""start"":""2022-11-07T05:00:00Z"",""end"":""2022-11-08T16:00:00Z""}}}],""calendar"":{""keyDates"":""https://www.nba.com/webview/key-dates"",""defaultDateOverride"":""2025-12-25T00:00:00"",""defaultDateOverrideStart"":""2025-12-24T11:00:00"",""defaultDateOverrideEnd"":""2025-12-25T11:00:00""},""extendedScoreStrip"":{""enabled"":true,""numExtraDays"":4},""scoreStripBroadcasterLimit"":{""numLogosDisplayed"":2},""scorestripCalendar"":{""keyDates"":""https://www.nba.com/webview/key-dates"",""defaultDateOverride"":""2024-12-24T00:00:00"",""defaultDateOverrideStart"":""2024-12-23T00:00:00"",""defaultDateOverrideEnd"":""2024-12-24T00:00:00""},""localAccess"":{""enableSingleGamePurchase"":false,""teams"":{""1610612740"":{""teamName"":""pelicans"",""packageName"":""Pelicans+""},""1610612742"":{""teamName"":""mavericks"",""packageName"":""MavsTV""},""1610612746"":{""teamName"":""clippers"",""packageName"":""ClipperVision"",""rsnLogo"":""https://ballysports.app.link/clippers-courtvision""},""1610612747"":{""teamName"":""lakers"",""packageName"":""Spectrum SportsNet+""},""1610612756"":{""teamName"":""suns"",""packageName"":""Suns Live""},""1610612757"":{""teamName"":""blazers"",""packageName"":""BlazerVision""},""1610612762"":{""teamName"":""jazz"",""packageName"":""Jazz+""}}},""nbaCup"":{""bracket"":{""pollingInterval"":60000,""disablePolling"":false},""summaryModule"":{""2023"":{""knockoutRound"":{""ctaText"":""View Bracket"",""ctaLink"":""/in-season-tournament/2023/bracket"",""show"":true},""groupRound"":{""ctaText"":""View Standings"",""ctaLink"":""/in-season-tournament/2023/standings"",""show"":true}},""2024"":{""knockoutRound"":{""ctaText"":""View Latest"",""ctaLink"":""/nba-cup/2024"",""show"":true},""groupRound"":{""ctaText"":""View Standings"",""ctaLink"":""/nba-cup/2024/standings"",""show"":true}},""2025"":{""knockoutRound"":{""ctaText"":""View Bracket"",""ctaLink"":""/nba-cup/2025/bracket"",""show"":true},""groupRound"":{""ctaText"":""View Standings"",""ctaLink"":""/nba-cup/2025/standings"",""show"":true}}}},""account"":{""fullNameRequiredCountries"":[""ID"",""PH""]},""ads"":{""provider"":""GAM"",""ngProvider"":""GAM""},""resumeWatching"":{""ngEnabled"":true,""enabled"":false,""bookmarkTime"":60},""keyHighlights"":{""ngEnabled"":true,""enabled"":true},""emailFirst"":{""ngEnabled"":true,""enabled"":true},""adobeV2"":{""enabled"":false,""ngEnabled"":true},""enableFrontDoorUI"":{""enabled"":true,""ngEnabled"":true},""enableFrontDoorScoreStripLocalization"":{""enabled"":true,""ngEnabled"":true},""amazonFlow"":{""ngEnabled"":true,""enabled"":true},""playmaker"":{""enabled"":true,""ngEnabled"":true},""analytics"":{""disableAmplitude"":false,""disableBraze"":false,""disableKochava"":false,""disableWunderkind"":false,""disableOtherAnalytics"":false},""marketingAds"":{""disableGoogleMarketing"":false,""disableOtherAdVendors"":false},""videoPlayerConfig"":{""enableWidevineEncryption"":false,""enableLowLatency"":false,""enableSecureUrl"":false},""enableAccountLinkingCards"":{""enabled"":true},""reCAPTCHAv3"":{""ngEnabled"":true,""threshold"":0.5,""enabled"":true},""promoNights"":{""isMemberNight"":false,""isNikeNight"":false}},""constants"":{""bracket"":{""flatFileSupportYear"":2020},""leagues"":{""nba"":{""name"":""NBA"",""LeagueID"":""00"",""gameBasePath"":""/game""},""wnba"":{""name"":""WNBA"",""LeagueID"":""10"",""gameBasePath"":""https://stats.wnba.com/game""},""californiaSummerLeague"":{""name"":""California Classic Summer League"",""LeagueID"":""13"",""gameBasePath"":""/game""},""summerLeague"":{""name"":""Summer League"",""LeagueID"":""14"",""gameBasePath"":""/game""},""nba2kSummerLeague"":{""name"":""NBA 2K24 Summer League"",""LeagueID"":""15"",""gameBasePath"":""/game""},""saltLakeSummerLeague"":{""name"":""Salt Lake City Summer League"",""LeagueID"":""16"",""gameBasePath"":""/game""},""gLeague"":{""name"":""G LEAGUE"",""LeagueID"":""20"",""gameBasePath"":""https://stats.gleague.nba.com/game""}},""season"":{""stats"":{""site"":{""name"":""site"",""Season"":""2025-26"",""SeasonType"":""Regular Season"",""YearTo"":2025,""TypeId"":2,""YearFrom"":1996,""flags"":[]},""rosters"":{""name"":""rosters"",""Season"":""2025-26"",""SeasonType"":""Regular Season"",""YearTo"":2025,""TypeId"":2,""YearFrom"":1951,""flags"":[]},""leaguePass"":{""name"":""leaguePass"",""Season"":""2025-26"",""SeasonType"":""Regular Season"",""YearTo"":2025,""TypeId"":2,""YearFrom"":1995,""flags"":[]},""splits"":{""name"":""splits"",""Season"":""2025-26"",""SeasonType"":""Regular Season"",""YearTo"":2025,""TypeId"":2,""YearFrom"":1996,""flags"":[]},""boxouts"":{""name"":""boxout"",""Season"":""2025-26"",""SeasonType"":""Regular Season"",""YearTo"":2025,""TypeId"":2,""YearFrom"":2017,""flags"":[]},""hustle"":{""name"":""hustle"",""Season"":""2025-26"",""SeasonType"":""Regular Season"",""YearTo"":2025,""TypeId"":2,""YearFrom"":2015,""flags"":[]},""tracking"":{""name"":""tracking"",""Season"":""2025-26"",""SeasonType"":""Regular Season"",""YearTo"":2025,""TypeId"":2,""YearFrom"":2013,""flags"":[]},""gamelogs"":{""name"":""gamelogs"",""Season"":""2025-26"",""SeasonType"":""Regular Season"",""YearTo"":2025,""TypeId"":2,""YearFrom"":1946,""flags"":[]},""matchups"":{""name"":""matchups"",""Season"":""2025-26"",""SeasonType"":""Regular Season"",""YearTo"":2025,""TypeId"":2,""YearFrom"":2018,""flags"":[]},""playtype"":{""name"":""playtype"",""Season"":""2025-26"",""SeasonType"":""Regular Season"",""YearTo"":2025,""TypeId"":2,""YearFrom"":2015,""flags"":[]},""fantasy"":{""name"":""fantasy"",""Season"":""2025-26"",""SeasonType"":""Regular Season"",""YearTo"":2025,""TypeId"":2,""YearFrom"":2014,""flags"":[]},""leaders"":{""name"":""leaders"",""Season"":""2025-26"",""SeasonType"":""Regular Season"",""YearTo"":2025,""TypeId"":2,""YearFrom"":1946,""flags"":[]},""videos"":{""name"":""videos"",""Season"":""2025-26"",""SeasonType"":""Regular Season"",""YearTo"":2025,""TypeId"":2,""YearFrom"":2015,""flags"":[]},""shotcharts"":{""name"":""shotcharts"",""Season"":""2025-26"",""SeasonType"":""Regular Season"",""YearTo"":2025,""TypeId"":2,""YearFrom"":2015,""flags"":[]},""bios"":{""name"":""bios"",""Season"":""2025-26"",""SeasonType"":""Regular Season"",""YearTo"":2025,""TypeId"":2,""YearFrom"":1996,""flags"":[]},""clutch"":{""name"":""clutch"",""Season"":""2025-26"",""SeasonType"":""Regular Season"",""YearTo"":2025,""TypeId"":2,""YearFrom"":1996,""flags"":[]},""shooting"":{""name"":""shooting"",""Season"":""2025-26"",""SeasonType"":""Regular Season"",""YearTo"":2025,""TypeId"":2,""YearFrom"":1996,""flags"":[]},""boxscores"":{""name"":""boxscores"",""Season"":""2025-26"",""SeasonType"":""Regular Season"",""YearTo"":2025,""TypeId"":2,""YearFrom"":1996,""flags"":[]},""alltime"":{""name"":""alltime"",""Season"":""All Time"",""SeasonType"":""Regular Season""},""draftCombineShooting"":{""name"":""draftCombineShooting"",""Season"":""2019-20"",""SeasonType"":""Regular Season"",""YearTo"":2020,""TypeId"":2,""YearFrom"":2014,""Without"":[""2021-22"",""2020-21""]},""draftCombineShootingDrills"":{""name"":""draftCombineShootingDrills"",""Season"":""2025-26"",""SeasonType"":""Regular Season"",""YearFrom"":2021,""YearTo"":2025,""TypeId"":2},""draftCombineAnthroAgility"":{""name"":""draftCombineAnthroAgility"",""Season"":""2025-26"",""SeasonType"":""Regular Season"",""YearTo"":2025,""TypeId"":2,""YearFrom"":2000},""dunkScores"":{""name"":""dunkScores"",""Season"":""2025-26"",""SeasonType"":""Regular Season"",""YearTo"":2025,""TypeId"":2,""YearFrom"":2024,""flags"":[]}},""pages"":{""draft"":{""name"":""draft"",""Season"":""2024-25"",""SeasonType"":""Regular Season"",""YearTo"":2025,""TypeId"":2,""YearFrom"":1947,""flags"":[]},""freeAgents"":{""name"":""freeAgents"",""Season"":""2023-24"",""SeasonType"":""Regular Season"",""YearTo"":2024,""TypeId"":2,""YearFrom"":1947,""flags"":[]},""schedule"":{""name"":""schedule"",""Season"":""2025-26"",""SeasonType"":""Regular Season"",""YearTo"":2025,""TypeId"":2,""YearFrom"":1945,""flags"":[[""hidePrev"",true,""Y""],[""initialMonth"",false,""10""]]},""standings"":{""name"":""standings"",""Season"":""2025-26"",""SeasonType"":""Regular Season"",""YearTo"":2025,""TypeId"":2,""YearFrom"":1970,""flags"":[]},""istStandings"":{""name"":""istStandings"",""Season"":""2025-26"",""SeasonType"":""Regular Season"",""YearTo"":2026,""TypeId"":2,""YearFrom"":2023,""flags"":{""useLiveStandings"":false,""enableLivePolling"":false,""livePollingInterval"":60000,""enableKnockoutHighlights"":false}},""stats"":{""name"":""stats"",""Season"":""2025-26"",""SeasonType"":""Regular Season"",""YearTo"":2025,""TypeId"":2,""flags"":{""isHustleMenuActive"":true,""showHomepageLinks"":true,""showDailyLeaders"":true,""showDraftBoard"":false,""showSummerLeague"":false,""showAlerts"":true,""showAssistTracker"":true,""allstarVoting"":false,""allstarLinks"":false}},""lineups"":{""name"":""lineups"",""Season"":""2024-25"",""SeasonType"":""Playoffs"",""YearTo"":2024,""TypeId"":4,""YearFrom"":2007,""flags"":[]},""preseason"":{""name"":""preseason"",""Season"":""2025-26"",""SeasonType"":""Pre Season"",""YearTo"":2025,""TypeId"":1,""YearFrom"":1996,""flags"":[]},""wnba"":{""name"":""wnba"",""Season"":""2025"",""SeasonType"":""Regular Season"",""YearTo"":2025},""draftCombine"":{""name"":""draftCombine"",""Season"":""2025-26"",""SeasonType"":""Regular Season"",""YearTo"":2025,""TypeId"":2,""YearFrom"":1947,""flags"":{""isLive"":true,""activeGames"":[""0922300001"",""0922300002"",""0922300003"",""0922300004""]}},""insideTheGame"":{""name"":""insideTheGame"",""Season"":""2025-26"",""SeasonType"":""Regular Season"",""YearTo"":2025,""TypeId"":2,""YearFrom"":2025}}},""purchasePrompts"":{""noEntitlements"":""Your plan does not include access to League Pass. Please Subscribe below."",""tveNoTeamPass"":""Your Team Pass subscription does not include access to this game. Please contact your TV Provider to upgrade or Subscribe to League Pass below."",""tveNoNbaTv"":""Your plan does not include access to NBATV. Please contact your TV Provider to upgrade or Subscribe below."",""tveNoLp"":""Your plan does not include access to League Pass. Please contact your TV Provider to upgrade or Subscribe to League Pass below."",""nbaNoClipperVision"":""You've signed in successfully, but are unable to watch with your current subscription. Subscribe to ClipperVision to watch this game."",""nbaNoLp"":""You’ve signed in successfully, but are unable to watch without an NBA League Pass subscription."",""noTeamVision"":""You've signed in successfully, but are unable to watch with your current subscription. Subscribe to [vision] to watch this game."",""noLocalAccess"":""You’ve signed in successfully, but are unable to watch without a [package_name] subscription."",""noTve"":""Your plan does not include access to this game. Please contact your TV Provider to upgrade or Subscribe below.""}},""pages"":{""statsGameBooks"":{""breadcrumbs"":[{""name"":""Gamebooks"",""href"":""/stats/gamebooks""}]},""app"":{""title"":""THE GAME"",""secondaryTitle"":""LIVES HERE"",""name"":""The NBA APP"",""cta"":""Scan and download"",""appLinks"":[{""src"":""https://cdn.nba.com/logos/nba/marketing/nbaapp/2024/apple-store.svg"",""target"":""https://nba.smart.link/dcnkmt3ji"",""alt"":""App Store icon"",""text"":""App Store""},{""src"":""https://cdn.nba.com/logos/nba/marketing/nbaapp/2024/google-play-badge.svg"",""target"":""https://nba.smart.link/qp3urmg5n"",""alt"":""Google Play icon"",""text"":""Google Play""},{""src"":""https://cdn.nba.com/logos/nba/marketing/nbaapp/2024/amazon-appstore-badge.svg"",""target"":""https://nba.smart.link/03tvmff9w"",""alt"":""Amazon appstore icon"",""text"":""Amazon appstore""},{""src"":""https://cdn.nba.com/logos/nba/marketing/nbaapp/2024/roku.svg"",""target"":""https://nba.smart.link/vex5ykpoh"",""alt"":""Roku icon"",""text"":""Roku""}]}},""featureFlags"":{""enableRecaptcha"":true,""disableNewRelic"":false,""disableAdFuel"":false,""enablePackagesPageScript"":true,""indexNewPackagesRoute"":true,""shouldShowHowToWatchModalButton"":true,""forceDisableGameDetailsCoreApiCall"":false,""enableResumeWatching"":false,""enableAmazonUpsell"":false,""enablePingHeader"":false},""disableEmailConsentSkus"":[""LALVISION"",""LALVISIONMONTHLY"",""LALSINGLEGAME""],""validRedirectUrls"":[""ai.nba.com"",""gamecenter.nba.com"",""play.nba.com"",""bracketchallenge.nba.com"",""bracketchallenge-qa.nba.com"",""picks-qa.nba.com"",""picks.nba.com"",""bracketchallenge-dev.nba.com"",""play-dev.nba.com"",""play-qa.nba.com"",""vote.nba.com""],""micrositeUrls"":{""dynamic-badge"":""dynamicbadge.nba.com""},""restrictedCountryCodes"":[""BY"",""RU""],""targetMarkets"":{""prime"":[""US"",""PR"",""ES"",""FR"",""IT"",""DE"",""AT"",""BE"",""UK"",""GB"",""NL"",""PL"",""SE"",""FI"",""JP"",""AU"",""NZ"",""IN"",""BR"",""MX"",""CL"",""CO"",""GU"",""VI"",""UM""]},""currentSeason"":""2025-26"",""videoAds"":{""web"":{""live"":[{""lpOverride"":{""1610612746"":""clippersLocalMarket"",""1610612747"":""lakersLiveLocalMarket"",""regexForLocalOverride"":""VISION-IN-MARKET"",""cTypeForLocalOverride"":""exclusiveLocalMarket""},""lpLive"":{""csid"":""ondomain_nbawebsite_live_desktop"",""pre-roll-caid"":""lpLive"",""mid-roll-caid"":""lpLive"",""afid"":""435242288"",""prof"":""535339:nba_web_live""},""inSeasonTournamentLive"":{""csid"":""ondomain_nbawebsite_live_desktop"",""pre-roll-caid"":""inSeasonTournamentLive"",""mid-roll-caid"":""inSeasonTournamentLive"",""afid"":""435242288"",""prof"":""535339:nba_web_live""},""allStarLive"":{""csid"":""ondomain_nbawebsite_live_desktop"",""pre-roll-caid"":""allStarLive"",""mid-roll-caid"":""allStarLive"",""afid"":""435242288"",""prof"":""535339:nba_web_live""},""livePresserCommissioner"":{""csid"":""ondomain_nbawebsite_live_desktop"",""pre-roll-caid"":""livePresserCommissioner"",""mid-roll-caid"":""livePresserCommissioner"",""afid"":""435242288"",""prof"":""535339:nba_web_live""},""livePresser"":{""csid"":""ondomain_nbawebsite_live_desktop"",""pre-roll-caid"":""livePresser"",""mid-roll-caid"":""livePresser"",""afid"":""435242288"",""prof"":""535339:nba_web_live""},""liveNonGameEvents"":{""csid"":""ondomain_nbawebsite_live_desktop"",""pre-roll-caid"":""liveNonGameEvents"",""mid-roll-caid"":""liveNonGameEvents"",""afid"":""435242288"",""prof"":""535339:nba_web_live""},""livePlayoffs"":{""csid"":""ondomain_nbawebsite_live_desktop"",""pre-roll-caid"":""livePlayoffs"",""mid-roll-caid"":""livePlayoffs"",""afid"":""435242288"",""prof"":""535339:nba_web_live""},""summerLeagueLive"":{""csid"":""ondomain_nbawebsite_live_desktop"",""pre-roll-caid"":""summerLeagueLive"",""mid-roll-caid"":""summerLeagueLive"",""afid"":""435242288"",""prof"":""535339:nba_web_live""},""altStreamLive"":{""csid"":""ondomain_nbawebsite_live_desktop"",""pre-roll-caid"":""altStreamLive"",""mid-roll-caid"":""altStreamLive"",""afid"":""435242288"",""prof"":""535339:nba_web_live""},""nbaLive"":{""csid"":""ondomain_nbawebsite_live_desktop"",""pre-roll-caid"":""nbaLive"",""mid-roll-caid"":""nbaLive"",""afid"":""435242288"",""prof"":""535339:nba_web_live""},""nbaTVLinear"":{""csid"":""ondomain_nbawebsite_live_desktop"",""pre-roll-caid"":""nbaTVLinear"",""mid-roll-caid"":""nbaTVLinear"",""afid"":""435242288"",""prof"":""535339:nba_web_live""},""exclusiveLocalMarket"":{""csid"":""exclusiveLocalMarket"",""pre-roll-caid"":""nba_live_exclusiveLocalMarket_preroll"",""mid-roll-caid"":""nba_live_exclusiveLocalMarket_midroll"",""afid"":""435242288"",""prof"":""nba_gam_exclusiveLocalMarket_test""},""clippersLocalMarket"":{""csid"":""exclusiveLocalMarket"",""pre-roll-caid"":""nba_live_exclusiveLocalMarket_preroll"",""mid-roll-caid"":""nba_live_exclusiveLocalMarket_midroll"",""afid"":""435242288"",""prof"":""nba_gam_exclusiveLocalMarket_test""},""lakersLiveLocalMarket"":{""csid"":""nba_web_ph_live"",""pre-roll-caid"":""NBA_3PP"",""mid-roll-caid"":""NBA_3PP"",""afid"":""262726938"",""prof"":""376521:nba_charter_video""},""mavsLocalMarket"":{""csid"":""ondomain_nbawebsite_live_desktop"",""pre-roll-caid"":""nba_teams_static_dallasmavericks_localmarketteam_in_market_live_asset"",""mid-roll-caid"":""nba_teams_static_dallasmavericks_localmarketteam_in_market_live_asset"",""afid"":""435242288"",""prof"":""535339:nba_web_live""},""pelsLocalMarket"":{""csid"":""ondomain_nbawebsite_live_desktop"",""pre-roll-caid"":""nba_teams_static_neworleanspelicans_localmarketteam_in_market_live_asset"",""mid-roll-caid"":""nba_teams_static_neworleanspelicans_localmarketteam_in_market_live_asset"",""afid"":""435242288"",""prof"":""535339:nba_web_live""},""sunsLocalMarket"":{""csid"":""ondomain_nbawebsite_live_desktop"",""pre-roll-caid"":""nba_teams_static_phoenixsuns_localmarketteam_in_market_live_asset"",""mid-roll-caid"":""nba_teams_static_phoenixsuns_localmarketteam_in_market_live_asset"",""afid"":""435242288"",""prof"":""535339:nba_web_live""}}],""vod"":[{""nbaVod"":{""csid"":""ondomain_nbawebsite_vod_desktop"",""pre-roll-caid"":""vod_external_id"",""mid-roll-caid"":""vod_external_id"",""afid"":""435242066"",""prof"":""535339:nba_web_vod""}}]},""mobileWeb"":{""live"":[{""lpOverride"":{""1610612746"":""clippersLocalMarket"",""1610612747"":""lakersLiveLocalMarket"",""regexForLocalOverride"":""VISION-IN-MARKET"",""cTypeForLocalOverride"":""exclusiveLocalMarket""},""lpLive"":{""csid"":""ondomain_nbawebsite_live_desktop"",""pre-roll-caid"":""lpLive"",""mid-roll-caid"":""lpLive"",""afid"":""435242288"",""prof"":""535339:nba_web_live""},""inSeasonTournamentLive"":{""csid"":""ondomain_nbawebsite_live_desktop"",""pre-roll-caid"":""inSeasonTournamentLive"",""mid-roll-caid"":""inSeasonTournamentLive"",""afid"":""435242288"",""prof"":""535339:nba_web_live""},""allStarLive"":{""csid"":""ondomain_nbawebsite_live_desktop"",""pre-roll-caid"":""allStarLive"",""mid-roll-caid"":""allStarLive"",""afid"":""435242288"",""prof"":""535339:nba_web_live""},""livePresserCommissioner"":{""csid"":""ondomain_nbawebsite_live_desktop"",""pre-roll-caid"":""livePresserCommissioner"",""mid-roll-caid"":""livePresserCommissioner"",""afid"":""435242288"",""prof"":""535339:nba_web_live""},""livePresser"":{""csid"":""ondomain_nbawebsite_live_desktop"",""pre-roll-caid"":""livePresser"",""mid-roll-caid"":""livePresser"",""afid"":""435242288"",""prof"":""535339:nba_web_live""},""liveNonGameEvents"":{""csid"":""ondomain_nbawebsite_live_desktop"",""pre-roll-caid"":""liveNonGameEvents"",""mid-roll-caid"":""liveNonGameEvents"",""afid"":""435242288"",""prof"":""535339:nba_web_live""},""livePlayoffs"":{""csid"":""ondomain_nbawebsite_live_desktop"",""pre-roll-caid"":""livePlayoffs"",""mid-roll-caid"":""livePlayoffs"",""afid"":""435242288"",""prof"":""535339:nba_web_live""},""summerLeagueLive"":{""csid"":""ondomain_nbawebsite_live_desktop"",""pre-roll-caid"":""summerLeagueLive"",""mid-roll-caid"":""summerLeagueLive"",""afid"":""435242288"",""prof"":""535339:nba_web_live""},""altStreamLive"":{""csid"":""ondomain_nbawebsite_live_desktop"",""pre-roll-caid"":""altStreamLive"",""mid-roll-caid"":""altStreamLive"",""afid"":""435242288"",""prof"":""535339:nba_web_live""},""nbaLive"":{""csid"":""ondomain_nbawebsite_live_desktop"",""pre-roll-caid"":""nbaLive"",""mid-roll-caid"":""nbaLive"",""afid"":""435242288"",""prof"":""535339:nba_web_live""},""nbaTVLinear"":{""csid"":""ondomain_nbawebsite_live_desktop"",""pre-roll-caid"":""nbaTVLinear"",""mid-roll-caid"":""nbaTVLinear"",""afid"":""435242288"",""prof"":""535339:nba_web_live""},""exclusiveLocalMarket"":{""csid"":""exclusiveLocalMarket"",""pre-roll-caid"":""nba_live_exclusiveLocalMarket_preroll"",""mid-roll-caid"":""nba_live_exclusiveLocalMarket_midroll"",""afid"":""435242288"",""prof"":""nba_gam_exclusiveLocalMarket_test""},""clippersLocalMarket"":{""csid"":""exclusiveLocalMarket"",""pre-roll-caid"":""nba_live_exclusiveLocalMarket_preroll"",""mid-roll-caid"":""nba_live_exclusiveLocalMarket_midroll"",""afid"":""435242288"",""prof"":""nba_gam_exclusiveLocalMarket_test""},""lakersLiveLocalMarket"":{""csid"":""nba_web_ph_live"",""pre-roll-caid"":""NBA_3PP"",""mid-roll-caid"":""NBA_3PP"",""afid"":""262726938"",""prof"":""376521:nba_charter_video""},""mavsLocalMarket"":{""csid"":""ondomain_nbawebsite_live_desktop"",""pre-roll-caid"":""nba_teams_static_dallasmavericks_localmarketteam_in_market_live_asset"",""mid-roll-caid"":""nba_teams_static_dallasmavericks_localmarketteam_in_market_live_asset"",""afid"":""435242288"",""prof"":""535339:nba_web_live""},""pelsLocalMarket"":{""csid"":""ondomain_nbawebsite_live_desktop"",""pre-roll-caid"":""nba_teams_static_neworleanspelicans_localmarketteam_in_market_live_asset"",""mid-roll-caid"":""nba_teams_static_neworleanspelicans_localmarketteam_in_market_live_asset"",""afid"":""435242288"",""prof"":""535339:nba_web_live""},""sunsLocalMarket"":{""csid"":""ondomain_nbawebsite_live_desktop"",""pre-roll-caid"":""nba_teams_static_phoenixsuns_localmarketteam_in_market_live_asset"",""mid-roll-caid"":""nba_teams_static_phoenixsuns_localmarketteam_in_market_live_asset"",""afid"":""435242288"",""prof"":""535339:nba_web_live""}}],""vod"":[{""nbaVod"":{""csid"":""ondomain_nbawebsite_vod_desktop"",""pre-roll-caid"":""vod_external_id"",""mid-roll-caid"":""vod_external_id"",""afid"":""435242066"",""prof"":""535339:nba_web_vod""}}]}}},""consentSrc"":""https://cdn.nba.com/user-consent/index-gam.min.js"",""isWebView"":false,""isSummerLeague"":false,""isTypeOfPackagesPage"":false,""hasAdsAndAnalytics"":true,""akamaiHeaders"":{""xAkamaiEdgescape"":""georegion=260,country_code=US,region_code=LA,city=PRAIRIEVILLE,dma=716,msa=0760,areacode=225,county=ASCENSION,fips=22005,lat=30.3065,long=-90.9499,timezone=CST,zip=70769,continent=NA,throughput=vhigh,bw=5000,asnum=5009,location_id=0"",""xRegionMap"":""united-states"",""xLpPackageCountry"":""US"",""xTargetMarket"":""with-commercials""},""siteHostAtRunTime"":""www.nba.com"",""__N_SSP"":true},""page"":""/[[...root]]"",""query"":{},""buildId"":""yMReoOqQAVwqFCIjrNzn5"",""isFallback"":false,""gssp"":true,""appGip"":true,""locale"":""en"",""locales"":[""en"",""es"",""fr"",""ja"",""pt""],""defaultLocale"":""en"",""scriptLoader"":[]}","var _esi = { country: ""US"", tz: ""EST"", region: ""FL"", browser: ""MOZILLA"", os: ""WIN"", device: ""computer"", isMobile: ""false"", isDomestic: ""true"", ip: ""97.102.238.29"" }; window.utag_cfg_ovrd = window.utag...",,nikola jokić,0,0,,0,2025-12-02T23:00:25.704652,,neutral,,,
